ID,CFR_prediction,gold,rawLevenshteinED,phonemewiseLevenshteinED,featureED,pred_phone_length,gold_phone_length
0,*/a/,/a/,0,0.0,0.0,1,1
1,*/avɑ̃/,/avɑ̃/,0,0.0,0.0,3,3
2,*/avɑ̃se/,/avɑ̃se/,0,0.0,0.0,5,5
3,*/abe/,/abe/,0,0.0,0.0,3,3
4,*/abɛs/,/abɛs/,0,0.0,0.0,4,4
5,*/abat̪ʁ/,/abat̪ʁ/,0,0.0,0.0,5,5
6,*/abevʁe/,/abʁœve/,3,0.5,0.7307692307692307,6,6
7,*/abʁwaje/,/abʁeʒe/,3,0.5,0.8269230769230769,7,6
8,*/avʁœʁn̪/,/ɔʁɔn̪/,4,1.0,1.4038461538461537,6,4
9,*/avɛm/,/abim/,2,0.5,0.17307692307692307,4,4
10,*/abl/,/abl/,0,0.0,0.0,3,3
11,*/ao/,/avɛk/,3,0.75,1.4615384615384615,2,4
12,*/œj/,/avœɡl/,4,0.8,2.25,2,5
13,*/aɔme/,/abome/,2,0.4,0.7692307692307693,4,5
14,*/aɔʁt̪e/,/avɔʁt̪e/,1,0.16666666666666666,0.6923076923076923,5,6
15,*/asud̪ʁ/,/asud̪ʁ/,0,0.0,0.0,5,5
16,*/a/,/a/,0,0.0,0.0,1,1
17,*/ad̪ɔn̪e/,/ad̪ɔn̪e/,0,0.0,0.0,5,5
18,*/afɛt̪e/,/afɛt̪e/,0,0.0,0.0,5,5
19,*/amɑ̃/,/ɛ̃mɑ̃/,1,0.3333333333333333,0.11538461538461539,3,3
20,*/ɛd̪e/,/ɛd̪e/,0,0.0,0.0,3,3
21,*/ɛz/,/ɛz/,0,0.0,0.0,2,2
22,*/ajɛzɑ̃s/,/ɛzɑ̃s/,2,0.5,0.7692307692307693,6,4
23,*/ajyʒe/,/aʒyʒe/,1,0.2,0.23076923076923078,5,5
24,*/apʁɛ/,/apʁɛ/,0,0.0,0.0,4,4
25,*/aʁjɛʁ/,/aʁjɛʁ/,0,0.0,0.0,5,5
26,*/ase/,/ase/,0,0.0,0.0,3,3
27,*/avɑ̃t̪yʁ/,/avɑ̃t̪yʁ/,0,0.0,0.0,6,6
28,*/avjɛʁ/,/avɛʁ/,1,0.25,0.4423076923076923,5,4
29,*/avwe/,/avwe/,0,0.0,0.0,4,4
30,*/avwe/,/avwe/,0,0.0,0.0,4,4
31,*/et̪e/,/et̪e/,0,0.0,0.0,3,3
32,*/ɑʒ/,/ɑʒ/,0,0.0,0.0,2,2
33,*/ɛʁ/,/ɛʁ/,0,0.0,0.0,2,2
34,*/aɲɛl/,/aɲɛl/,0,0.0,0.0,4,4
35,*/aɲo/,/aɲo/,0,0.0,0.0,3,3
36,*/aɲo/,/aɲo/,0,0.0,0.0,3,3
37,*/ɛʁ/,/ɛʁ/,0,0.0,0.0,2,2
38,*/ɛl/,/ɛl/,0,0.0,0.0,2,2
39,*/alu/,/alu/,0,0.0,0.0,3,3
40,*/aloz/,/aloz/,0,0.0,0.0,4,4
41,*/ob/,/ob/,0,0.0,0.0,2,2
42,*/obiɲi/,/obiɲi/,0,0.0,0.0,5,5
43,*/osi/,/osi/,0,0.0,0.0,3,3
44,*/aliz/,/aliz/,0,0.0,0.0,4,4
45,*/o/,/o/,0,0.0,0.0,1,1
46,*/aj/,/aj/,0,0.0,0.0,2,2
47,*/okyn̪/,/okyn̪/,0,0.0,0.0,4,4
48,*/okœ̃/,/okœ̃/,0,0.0,0.0,3,3
49,*/ot̪ɑ̃/,/ot̪ɑ̃/,0,0.0,0.0,3,3
50,*/ɔt̪ʁ/,/ot̪ʁ/,1,0.3333333333333333,0.038461538461538464,3,3
51,*/ɛʁɛbl/,/eʁabl/,2,0.4,0.11538461538461539,5,5
52,*/ɛzi/,/ɛzi/,0,0.0,0.0,3,3
53,*/ase/,/asje/,1,0.25,0.46153846153846156,3,4
54,*/ɛn̪/,/ɛn̪/,0,0.0,0.0,2,2
55,*/aʃat̪e/,/aʃt̪e/,1,0.25,0.7884615384615384,5,4
56,*/asət̪abl/,/asit̪abl/,1,0.14285714285714285,0.09615384615384616,7,7
57,*/asɛ̃d̪ʁ/,/asɛ̃d̪ʁ/,0,0.0,0.0,5,5
58,*/asɛme/,/aseme/,1,0.2,0.038461538461538464,5,5
59,*/aklin̪e/,/aklin̪e/,0,0.0,0.0,6,6
60,*/aklɛ̃/,/aklɛ̃/,0,0.0,0.0,4,4
61,*/akɔlwaʁ/,/akœjiʁ/,4,0.6666666666666666,1.0384615384615385,7,6
62,*/akwɛ̃t̪e/,/akwɛ̃t̪e/,0,0.0,0.0,6,6
63,*/akɔʁd̪e/,/akɔʁd̪e/,0,0.0,0.0,6,6
64,*/ɛʁœʁ/,/ɛɡʁœʁ/,1,0.2,0.4807692307692308,4,5
65,*/ɛʁ/,/ɛɡʁ/,1,0.3333333333333333,0.4807692307692308,2,3
66,*/ɛ/,/ɛ/,0,0.0,0.0,1,1
67,*/ɛsɛl/,/ɛsɛl/,0,0.0,0.0,4,4
68,*/o/,/o/,0,0.0,0.0,1,1
69,*/o/,/o/,0,0.0,0.0,1,1
70,*/ɛvwaʁœl/,/evʁol/,4,0.8,1.3846153846153846,7,5
71,*/ɛvje/,/evje/,1,0.25,0.038461538461538464,4,4
72,*/ɑj/,/ɑj/,0,0.0,0.0,2,2
73,*/ɥij/,/ɛɡɥij/,2,0.4,1.2307692307692308,3,5
74,*/ajylje/,/ɛɡɥije/,4,0.6666666666666666,0.7307692307692307,6,6
75,*/ajɥije/,/aɡɥije/,1,0.16666666666666666,0.23076923076923078,6,6
76,*/ɑj/,/aj/,1,0.5,0.07692307692307693,2,2
77,*/ɑm/,/aɡœ̃/,3,1.0,1.1730769230769231,2,3
78,*/ajɥize/,/ɛɡɥize/,2,0.3333333333333333,0.3076923076923077,6,6
79,*/y/,/y/,0,0.0,0.0,1,1
80,*/on̪/,/on̪/,0,0.0,0.0,2,2
81,*/amɛʁ/,/amɛʁ/,0,0.0,0.0,4,4
82,*/ame/,/amɛʁ/,2,0.5,0.6153846153846154,3,4
83,*/ɛm/,/ɛm/,0,0.0,0.0,2,2
84,*/ami/,/ami/,0,0.0,0.0,3,3
85,*/ami/,/ami/,0,0.0,0.0,3,3
86,*/ami/,/ami/,0,0.0,0.0,3,3
87,*/ami/,/ami/,0,0.0,0.0,3,3
88,*/amit̪je/,/amit̪je/,0,0.0,0.0,6,6
89,*/ɑ̃pl/,/ɑ̃pl/,0,0.0,0.0,3,3
90,*/ɑ̃pul/,/ɑ̃pul/,0,0.0,0.0,4,4
91,*/ɛn̪/,/an̪/,1,0.5,0.07692307692307693,2,2
92,*/ɑ̃ʒɑ̃/,/ɑ̃ʒɛʁ/,2,0.5,0.7692307692307693,3,4
93,*/ɑ̃ʒu/,/ɑ̃ʒu/,0,0.0,0.0,3,3
94,*/an̪o/,/an̪o/,0,0.0,0.0,3,3
95,*/ɑ̃ɡl/,/ɑ̃ɡl/,0,0.0,0.0,3,3
96,*/ɑ̃ɡwas/,/ɑ̃ɡwas/,0,0.0,0.0,5,5
97,*/ɑ̃ɡwasø/,/ɑ̃ɡwasø/,0,0.0,0.0,6,6
98,*/om/,/om/,0,0.0,0.0,2,2
99,*/omɑj/,/omɑj/,0,0.0,0.0,4,4
100,*/ɑ̃kʁ/,/ɑ̃kʁ/,0,0.0,0.0,3,3
101,*/an̪e/,/an̪e/,0,0.0,0.0,3,3
102,*/ɑ̃/,/ɑ̃/,0,0.0,0.0,1,1
103,*/ɑ̃/,/ɑ̃/,0,0.0,0.0,1,1
104,*/aʃ/,/aʃ/,0,0.0,0.0,2,2
105,*/avʁil/,/avʁil/,0,0.0,0.0,5,5
106,*/aʁbʁ/,/aʁbʁ/,0,0.0,0.0,4,4
107,*/aʁd̪waz/,/aʁd̪waz/,0,0.0,0.0,6,6
108,*/ɛʁ/,/ɛʁ/,0,0.0,0.0,2,2
109,*/ovɛʁɲ/,/ovɛʁɲ/,0,0.0,0.0,5,5
110,*/aʁʒɑ̃/,/aʁʒɑ̃/,0,0.0,0.0,4,4
111,*/aʁʃɛʁ/,/aʁʃɛʁ/,0,0.0,0.0,5,5
112,*/aʁʃe/,/aʁʃe/,0,0.0,0.0,4,4
113,*/aʁʃ/,/aʁʃ/,0,0.0,0.0,3,3
114,*/aʁso/,/aʁso/,0,0.0,0.0,4,4
115,*/aʁsɔ̃/,/aʁsɔ̃/,0,0.0,0.0,4,4
116,*/aʁk/,/aʁk/,0,0.0,0.0,3,3
117,*/aʁmyʁ/,/aʁmyʁ/,0,0.0,0.0,5,5
118,*/aʁɔɲ/,/ʁɔɲ/,1,0.3333333333333333,0.6346153846153846,4,3
119,*/aʁ/,/aʁ/,0,0.0,0.0,2,2
120,*/aʁt̪ɛj/,/ɔʁt̪ɛj/,1,0.2,0.23076923076923078,5,5
121,*/an̪je/,/an̪je/,0,0.0,0.0,4,4
122,*/an̪/,/an̪/,0,0.0,0.0,2,2
123,*/aɛ/,/t̪ɛ/,1,0.5,0.4423076923076923,2,2
124,*/avwan̪/,/avwan̪/,0,0.0,0.0,5,5
125,*/ot̪œ̃/,/ot̪œ̃/,0,0.0,0.0,3,3
126,*/ut̪/,/ut̪/,0,0.0,0.0,2,2
127,*/wazo/,/wazo/,0,0.0,0.0,4,4
128,*/wazo/,/wazo/,0,0.0,0.0,4,4
129,*/ajœl/,/ajœl/,0,0.0,0.0,4,4
130,*/ajœl/,/ajœl/,0,0.0,0.0,4,4
131,*/wat̪œʁ/,/ot̪uʁ/,3,0.75,1.0192307692307692,5,4
132,*/ɔʁɛj/,/ɔʁɛj/,0,0.0,0.0,4,4
133,*/ɔʁ/,/ɔʁ/,0,0.0,0.0,2,2
134,*/oze/,/oze/,0,0.0,0.0,3,3
135,*/ɑkut̪e/,/ekut̪e/,1,0.2,0.11538461538461539,5,5
136,*/u/,/u/,0,0.0,0.0,1,1
137,*/ɔ̃kl/,/ɔ̃kl/,0,0.0,0.0,3,3
138,*/bɛ/,/bɛ/,0,0.0,0.0,2,2
139,*/bɛ/,/bɛ/,0,0.0,0.0,2,2
140,*/bɛ/,/bɛ/,0,0.0,0.0,2,2
141,*/bak/,/bak/,0,0.0,0.0,3,3
142,*/bɛ̃/,/bɛ̃/,0,0.0,0.0,2,2
143,*/bɛ̃/,/bɛ̃/,0,0.0,0.0,2,2
144,*/bom/,/bom/,0,0.0,0.0,3,3
145,*/baʁb/,/baʁb/,0,0.0,0.0,4,4
146,*/baʁʒ/,/baʁʒ/,0,0.0,0.0,4,4
147,*/baʁ/,/baʁ/,0,0.0,0.0,3,3
148,*/bɛze/,/bɛze/,0,0.0,0.0,4,4
149,*/bɑs/,/bɑs/,0,0.0,0.0,3,3
150,*/bɛse/,/bɛse/,0,0.0,0.0,4,4
151,*/bɑ/,/bɑ/,0,0.0,0.0,2,2
152,*/bɑt̪iʁ/,/bɑt̪iʁ/,0,0.0,0.0,5,5
153,*/bɑt̪ɔ̃/,/bɑt̪ɔ̃/,0,0.0,0.0,4,4
154,*/bat̪ɑj/,/bat̪ɑj/,0,0.0,0.0,5,5
155,*/bat̪ʁ/,/bat̪ʁ/,0,0.0,0.0,4,4
156,*/bu/,/bu/,0,0.0,0.0,2,2
157,*/bɛk/,/bɛk/,0,0.0,0.0,3,3
158,*/bɛl/,/bɛl/,0,0.0,0.0,3,3
159,*/bɛl/,/bɛl/,0,0.0,0.0,3,3
160,*/bot̪e/,/bot̪e/,0,0.0,0.0,4,4
161,*/bo/,/bo/,0,0.0,0.0,2,2
162,*/bo/,/bo/,0,0.0,0.0,2,2
163,*/bjɛ̃/,/bjɛ̃/,0,0.0,0.0,3,3
164,*/bən̪wa/,/bən̪wa/,0,0.0,0.0,5,5
165,*/ban̪/,/ban̪/,0,0.0,0.0,3,3
166,*/bɛʁbi/,/bʁəbi/,2,0.4,0.5192307692307693,5,5
167,*/bɛʁl/,/bɛʁl/,0,0.0,0.0,4,4
168,*/bis/,/bis/,0,0.0,0.0,3,3
169,*/bij/,/bij/,0,0.0,0.0,3,3
170,*/blɑ̃ʃ/,/blɑ̃ʃ/,0,0.0,0.0,4,4
171,*/blɑ̃/,/blɑ̃/,0,0.0,0.0,3,3
172,*/blɑ̃/,/blɑ̃/,0,0.0,0.0,3,3
173,*/bɔ̃d̪iʁ/,/bɔ̃d̪iʁ/,0,0.0,0.0,5,5
174,*/bɔ̃t̪e/,/bɔ̃t̪e/,0,0.0,0.0,4,4
175,*/bɔn̪ɔɲ/,/bulɔɲ/,2,0.4,0.19230769230769232,5,5
176,*/bɔ̃/,/bɔ̃/,0,0.0,0.0,2,2
177,*/bwajo/,/bwajo/,0,0.0,0.0,5,5
178,*/bwajo/,/bwajo/,0,0.0,0.0,5,5
179,*/bœf/,/bœf/,0,0.0,0.0,3,3
180,*/bø/,/bø/,0,0.0,0.0,2,2
181,*/bʁɛ/,/bʁɛ/,0,0.0,0.0,3,3
182,*/bʁas/,/bʁas/,0,0.0,0.0,4,4
183,*/bʁa/,/bʁɑ/,1,0.3333333333333333,0.07692307692307693,3,3
184,*/bʁɑ̃/,/bʁɑ̃/,0,0.0,0.0,3,3
185,*/bʁɑ̃ʃ/,/bʁɑ̃ʃ/,0,0.0,0.0,4,4
186,*/bʁɛz/,/bʁɛz/,0,0.0,0.0,4,4
187,*/bʁɑ̃/,/bʁɑ̃/,0,0.0,0.0,3,3
188,*/bʁjɛf/,/bʁɛf/,1,0.25,0.40384615384615385,5,4
189,*/bʁɛ̃/,/bʁɛ̃/,0,0.0,0.0,3,3
190,*/bʁət̪aɲ/,/bʁət̪aɲ/,0,0.0,0.0,6,6
191,*/bʁœj/,/bʁœj/,0,0.0,0.0,4,4
192,*/bʁɥijɛʁ/,/bʁɥijɛʁ/,0,0.0,0.0,7,7
193,*/buʃ/,/buʃ/,0,0.0,0.0,3,3
194,*/bwat̪/,/bwat̪/,0,0.0,0.0,4,4
195,*/buʒ/,/buʒ/,0,0.0,0.0,3,3
196,*/buʒe/,/buʒe/,0,0.0,0.0,4,4
197,*/bujɑ̃/,/bujɑ̃/,0,0.0,0.0,4,4
198,*/bɔ̃d̪/,/bɔ̃d̪/,0,0.0,0.0,3,3
199,*/buʁ/,/buʁ/,0,0.0,0.0,3,3
200,*/buʁʒɔ̃/,/buʁʒɔ̃/,0,0.0,0.0,5,5
201,*/bɔʁn̪/,/bɔʁn̪/,0,0.0,0.0,4,4
202,*/d̪ɛ̃/,/d̪ɛ̃/,0,0.0,0.0,2,2
203,*/d̪aʁ/,/d̪aʁ/,0,0.0,0.0,3,3
204,*/d̪əvwaʁ/,/d̪əvwaʁ/,0,0.0,0.0,6,6
205,*/d̪wav/,/d̪wav/,0,0.0,0.0,4,4
206,*/d̪e/,/d̪wa/,2,0.6666666666666666,0.75,2,3
207,*/d̪ɛt̪/,/d̪ɛt̪/,0,0.0,0.0,3,3
208,*/d̪ɑ̃/,/d̪ɑ̃/,0,0.0,0.0,2,2
209,*/d̪ofɛ̃/,/d̪ofɛ̃/,0,0.0,0.0,4,4
210,*/d̪wajɛ̃/,/d̪wajɛ̃/,0,0.0,0.0,5,5
211,*/d̪im/,/d̪im/,0,0.0,0.0,3,3
212,*/d̪əmɛ̃/,/d̪əmɛ̃/,0,0.0,0.0,4,4
213,*/d̪ən̪ʁe/,/d̪ɑ̃ʁe/,2,0.5,0.6346153846153846,5,4
214,*/d̪ɑ̃/,/d̪ɑ̃/,0,0.0,0.0,2,2
215,*/d̪ɛʁt̪ʁ/,/d̪aʁt̪ʁ/,1,0.2,0.07692307692307693,5,5
216,*/d̪ɛʁjɛʁ/,/d̪ɛʁjɛʁ/,0,0.0,0.0,6,6
217,*/d̪əzy/,/d̪əsy/,1,0.25,0.038461538461538464,4,4
218,*/d̪jø/,/d̪jø/,0,0.0,0.0,3,3
219,*/d̪ɔ̃/,/d̪ɔ̃/,0,0.0,0.0,2,2
220,*/d̪imɑ̃ʒ/,/d̪imɑ̃ʃ/,1,0.2,0.038461538461538464,5,5
221,*/d̪wa/,/d̪wa/,0,0.0,0.0,3,3
222,*/d̪əmi/,/d̪əmi/,0,0.0,0.0,4,4
223,*/d̪ʁit̪/,/d̪ʁwat̪/,2,0.4,0.6346153846153846,4,5
224,*/d̪ʁi/,/d̪ʁwa/,2,0.5,0.6346153846153846,3,4
225,*/d̪in̪je/,/d̪in̪e/,1,0.25,0.38461538461538464,5,4
226,*/d̪əzɔʁd̪ʁ/,/d̪ezɔʁd̪ʁ/,1,0.14285714285714285,0.057692307692307696,7,7
227,*/ʒuʁn̪e/,/ʒuʁn̪e/,0,0.0,0.0,5,5
228,*/ʒuʁ/,/ʒuʁ/,0,0.0,0.0,3,3
229,*/d̪əvɛ̃/,/d̪əvɛ̃/,0,0.0,0.0,4,4
230,*/d̪iʒɔ̃/,/d̪iʒɔ̃/,0,0.0,0.0,4,4
231,*/d̪ulœʁ/,/d̪ulœʁ/,0,0.0,0.0,5,5
232,*/d̪œl/,/d̪œj/,1,0.3333333333333333,0.2692307692307692,3,3
233,*/d̪ɔm/,/d̪am/,1,0.3333333333333333,0.23076923076923078,3,3
234,*/d̪ɔ̃ʒe/,/d̪ɑ̃ʒe/,1,0.25,0.15384615384615385,4,4
235,*/d̪ɔ̃ʒɔ̃/,/d̪ɔ̃ʒɔ̃/,0,0.0,0.0,4,4
236,*/d̪ɔmwazɛl/,/d̪əmwazɛl/,1,0.125,0.1346153846153846,8,8
237,*/d̪uv/,/d̪uv/,0,0.0,0.0,3,3
238,*/d̪ɔn̪e/,/d̪ɔn̪e/,0,0.0,0.0,4,4
239,*/d̪ɔn̪/,/d̪ɔn̪/,0,0.0,0.0,3,3
240,*/d̪ɔ̃/,/d̪ɔ̃/,0,0.0,0.0,2,2
241,*/d̪uʁmiʁ/,/d̪ɔʁmiʁ/,1,0.16666666666666666,0.07692307692307693,6,6
242,*/d̪ɔʁ/,/d̪ɔʁ/,0,0.0,0.0,3,3
243,*/d̪ɔʁt̪waʁ/,/d̪ɔʁt̪waʁ/,0,0.0,0.0,7,7
244,*/d̪ɔʁ/,/d̪o/,2,1.0,0.6153846153846154,3,2
245,*/d̪ʁɑ/,/d̪ʁa/,1,0.3333333333333333,0.07692307692307693,3,3
246,*/d̪ʁa/,/d̪ʁa/,0,0.0,0.0,3,3
247,*/d̪ut̪/,/d̪ut̪/,0,0.0,0.0,3,3
248,*/d̪us/,/d̪us/,0,0.0,0.0,3,3
249,*/d̪u/,/d̪u/,0,0.0,0.0,2,2
250,*/d̪ø/,/d̪ø/,0,0.0,0.0,2,2
251,*/d̪ubl/,/d̪ubl/,0,0.0,0.0,4,4
252,*/d̪yʁ/,/d̪yʁ/,0,0.0,0.0,3,3
253,*/d̪yʁ/,/d̪yʁ/,0,0.0,0.0,3,3
254,*/d̪yʁ/,/d̪yʁ/,0,0.0,0.0,3,3
255,*/d̪yʁ/,/d̪yʁ/,0,0.0,0.0,3,3
256,*/ivʁ/,/ivʁ/,0,0.0,0.0,3,3
257,*/ɛ/,/ʒə/,2,1.0,0.6923076923076923,1,2
258,*/sa/,/sa/,0,0.0,0.0,2,2
259,*/si/,/si/,0,0.0,0.0,2,2
260,*/su/,/sə/,1,0.5,0.17307692307692307,2,2
261,*/sɛl/,/sɛl/,0,0.0,0.0,3,3
262,*/sɛl/,/sɛl/,0,0.0,0.0,3,3
263,*/sø/,/sø/,0,0.0,0.0,2,2
264,*/sø/,/sə/,1,0.5,0.1346153846153846,2,2
265,*/sɛt̪/,/sɛt̪/,0,0.0,0.0,3,3
266,*/se/,/sə/,1,0.5,0.057692307692307696,2,2
267,*/se/,/se/,0,0.0,0.0,2,2
268,*/eswave/,/esəve/,2,0.4,0.8269230769230769,6,5
269,*/esɛ/,/esɛ/,0,0.0,0.0,3,3
270,*/esɛve/,/esave/,1,0.2,0.07692307692307693,5,5
271,*/esose/,/esose/,0,0.0,0.0,5,5
272,*/esɛ̃/,/esɛ̃/,0,0.0,0.0,3,3
273,*/esɔʁe/,/esɔʁe/,0,0.0,0.0,5,5
274,*/efʁit̪e/,/efʁit̪e/,0,0.0,0.0,6,6
275,*/əlaʁʒe/,/eklaʁʒe/,2,0.2857142857142857,0.7884615384615384,6,7
276,*/eʃɑ̃ʒe/,/eʃɑ̃ʒe/,0,0.0,0.0,5,5
277,*/eʃoɛʁ/,/eʃwaʁ/,2,0.4,0.19230769230769232,5,5
278,*/eʃɔsʁe/,/eʃosiʁe/,2,0.2857142857142857,0.7884615384615384,6,7
279,*/eʃovɛʁ/,/eʃofe/,3,0.6,0.6538461538461539,6,5
280,*/eʃape/,/eʃape/,0,0.0,0.0,5,5
281,*/eʃaʁn̪e/,/eʃaʁn̪e/,0,0.0,0.0,6,6
282,*/eʃaʁ/,/eʃaʁ/,0,0.0,0.0,4,4
283,*/eʃwe/,/eʃue/,1,0.25,0.07692307692307693,4,4
284,*/əlaʁsiʁ/,/eklɛʁsiʁ/,3,0.375,0.8653846153846154,7,8
285,*/ekɔʁʃe/,/ekɔʁʃe/,0,0.0,0.0,6,6
286,*/et̪ʁɛ̃/,/et̪ʁɑ̃ʒ/,2,0.4,0.9230769230769231,4,5
287,*/iv/,/iv/,0,0.0,0.0,2,2
288,*/waz/,/waz/,0,0.0,0.0,3,3
289,*/e/,/e/,0,0.0,0.0,1,1
290,*/fɛv/,/fɛv/,0,0.0,0.0,3,3
291,*/fɔʁʒ/,/fɔʁʒ/,0,0.0,0.0,4,4
292,*/fu/,/fu/,0,0.0,0.0,2,2
293,*/fos/,/fos/,0,0.0,0.0,3,3
294,*/fo/,/fo/,0,0.0,0.0,2,2
295,*/fɛʁ/,/fɛʁ/,0,0.0,0.0,3,3
296,*/fas/,/fas/,0,0.0,0.0,3,3
297,*/fas/,/fas/,0,0.0,0.0,3,3
298,*/fasɔ̃/,/fasɔ̃/,0,0.0,0.0,4,4
299,*/fɛ/,/fɛ/,0,0.0,0.0,2,2
300,*/fɛ̃/,/fɛ̃/,0,0.0,0.0,2,2
301,*/fɛzɛ̃/,/fəzɑ̃/,2,0.5,0.21153846153846154,4,4
302,*/fɛso/,/fɛso/,0,0.0,0.0,4,4
303,*/fɛ/,/fɛ/,0,0.0,0.0,2,2
304,*/fy/,/fø/,1,0.5,0.038461538461538464,2,2
305,*/fjɛvʁ/,/fjɛvʁ/,0,0.0,0.0,5,5
306,*/fevʁije/,/fevʁije/,0,0.0,0.0,7,7
307,*/fjɛl/,/fjɛl/,0,0.0,0.0,4,4
308,*/fam/,/fam/,0,0.0,0.0,3,3
309,*/fɛ̃/,/fwɛ̃/,1,0.3333333333333333,0.6730769230769231,2,3
310,*/fwaʁ/,/fwaʁ/,0,0.0,0.0,4,4
311,*/fjɛʁ/,/fjɛʁ/,0,0.0,0.0,4,4
312,*/fɛʁ/,/fɛʁ/,0,0.0,0.0,3,3
313,*/fjɛʁ/,/fjɛʁ/,0,0.0,0.0,4,4
314,*/fɛt̪/,/fɛt̪/,0,0.0,0.0,3,3
315,*/fwa/,/fwa/,0,0.0,0.0,3,3
316,*/fwa/,/fwa/,0,0.0,0.0,3,3
317,*/fij/,/fij/,0,0.0,0.0,3,3
318,*/fisɛl/,/fisɛl/,0,0.0,0.0,5,5
319,*/fijœl/,/fijœl/,0,0.0,0.0,5,5
320,*/fijœl/,/fijœl/,0,0.0,0.0,5,5
321,*/fil/,/fil/,0,0.0,0.0,3,3
322,*/fymje/,/fymje/,0,0.0,0.0,5,5
323,*/fɑ̃d̪ʁ/,/fɑ̃d̪ʁ/,0,0.0,0.0,4,4
324,*/fɑ̃t̪/,/fɑ̃t̪/,0,0.0,0.0,3,3
325,*/fɛ̃/,/fɛ̃/,0,0.0,0.0,2,2
326,*/fɛ̃/,/fɛ̃/,0,0.0,0.0,2,2
327,*/fɛʁm/,/fɛʁm/,0,0.0,0.0,4,4
328,*/fɛʁme/,/fɛʁme/,0,0.0,0.0,5,5
329,*/fleo/,/fleo/,0,0.0,0.0,4,4
330,*/fleo/,/fleo/,0,0.0,0.0,4,4
331,*/fleʁe/,/flɛʁe/,1,0.2,0.038461538461538464,5,5
332,*/flu/,/flu/,0,0.0,0.0,3,3
333,*/flu/,/flu/,0,0.0,0.0,3,3
334,*/flɛbl/,/fɛbl/,1,0.25,0.5576923076923077,5,4
335,*/fœj/,/fœj/,0,0.0,0.0,3,3
336,*/fu/,/fu/,0,0.0,0.0,2,2
337,*/fu/,/fu/,0,0.0,0.0,2,2
338,*/fwazi/,/fyzi/,2,0.5,0.7884615384615384,5,4
339,*/fø/,/fø/,0,0.0,0.0,2,2
340,*/fɔ̃t̪ɛn̪/,/fɔ̃t̪ɛn̪/,0,0.0,0.0,5,5
341,*/fɔʁɛ/,/fɔʁɛ/,0,0.0,0.0,4,4
342,*/fɥiʁ/,/fwɑʁ/,2,0.5,0.23076923076923078,4,4
343,*/fuʁmaʒ/,/fʁomaʒ/,2,0.3333333333333333,0.6153846153846154,6,6
344,*/fuʁmi/,/fuʁmi/,0,0.0,0.0,5,5
345,*/fɔʁ/,/fɔʁ/,0,0.0,0.0,3,3
346,*/fɔʁs/,/fɔʁs/,0,0.0,0.0,4,4
347,*/fɔs/,/fos/,1,0.3333333333333333,0.038461538461538464,3,3
348,*/fɔse/,/fose/,1,0.25,0.038461538461538464,4,4
349,*/fʁɛl/,/fʁɛl/,0,0.0,0.0,4,4
350,*/fʁɑ̃ʃ/,/fʁɑ̃ʃ/,0,0.0,0.0,4,4
351,*/fʁɑ̃s/,/fʁɑ̃s/,0,0.0,0.0,4,4
352,*/fʁɑ̃/,/fʁɑ̃/,0,0.0,0.0,3,3
353,*/fʁɑ̃/,/fʁɑ̃/,0,0.0,0.0,3,3
354,*/fʁɛn̪/,/fʁɛn̪/,0,0.0,0.0,4,4
355,*/fʁɛʁ/,/fʁɛʁ/,0,0.0,0.0,4,4
356,*/fʁwad̪/,/fʁwad̪/,0,0.0,0.0,5,5
357,*/fʁwa/,/fʁwa/,0,0.0,0.0,4,4
358,*/fʁisɔ̃/,/fʁisɔ̃/,0,0.0,0.0,5,5
359,*/fʁɥi/,/fʁɥi/,0,0.0,0.0,4,4
360,*/fʁwase/,/fʁwase/,0,0.0,0.0,6,6
361,*/fɥit̪/,/fɥit̪/,0,0.0,0.0,4,4
362,*/fud̪ʁ/,/fud̪ʁ/,0,0.0,0.0,4,4
363,*/fyme/,/fyme/,0,0.0,0.0,4,4
364,*/fɔ̃d̪e/,/fɔ̃d̪e/,0,0.0,0.0,4,4
365,*/fɔ̃/,/fɔ̃/,0,0.0,0.0,2,2
366,*/fy/,/fy/,0,0.0,0.0,2,2
367,*/ʒon̪/,/ʒon̪/,0,0.0,0.0,3,3
368,*/ʒɑ̃b/,/ʒɑ̃b/,0,0.0,0.0,3,3
369,*/ʒaʁd̪ɛ̃/,/ʒaʁd̪ɛ̃/,0,0.0,0.0,5,5
370,*/ʒwa/,/ʒwɑ/,1,0.3333333333333333,0.07692307692307693,3,3
371,*/ʒu/,/ʒu/,0,0.0,0.0,2,2
372,*/ʒymo/,/ʒymo/,0,0.0,0.0,4,4
373,*/ʒɑ̃d̪ʁ/,/ʒɑ̃d̪ʁ/,0,0.0,0.0,4,4
374,*/ʒɑ̃/,/ʒɑ̃/,0,0.0,0.0,2,2
375,*/ʒɑ̃/,/ʒɑ̃/,0,0.0,0.0,2,2
376,*/ʒən̪u/,/ʒən̪u/,0,0.0,0.0,4,4
377,*/ʒən̪u/,/ʒən̪u/,0,0.0,0.0,4,4
378,*/ʒɔʁʒ/,/ʒɔʁʒ/,0,0.0,0.0,4,4
379,*/ɡlas/,/ɡlas/,0,0.0,0.0,4,4
380,*/ɡly/,/ɡly/,0,0.0,0.0,3,3
381,*/ɡʁɛl/,/ɡʁɛl/,0,0.0,0.0,4,4
382,*/ɡʁɛn̪/,/ɡʁɛn̪/,0,0.0,0.0,4,4
383,*/ɡʁɑ̃/,/ɡʁɑ̃/,0,0.0,0.0,3,3
384,*/ɡʁɑ̃ʃ/,/ɡʁɑ̃ʃ/,0,0.0,0.0,4,4
385,*/ɡʁɛ̃/,/ɡʁɛ̃/,0,0.0,0.0,3,3
386,*/ɡʁaʒ/,/ɡʁɛf/,2,0.5,0.28846153846153844,4,4
387,*/ɡʁe/,/ɡʁe/,0,0.0,0.0,3,3
388,*/ɡʁo/,/ɡʁo/,0,0.0,0.0,3,3
389,*/ɡʁy/,/ɡʁy/,0,0.0,0.0,3,3
390,*/ɡœl/,/ɡœl/,0,0.0,0.0,3,3
391,*/ɡuʒ/,/ɡuʒ/,0,0.0,0.0,3,3
392,*/ɡɔm/,/ɡɔm/,0,0.0,0.0,3,3
393,*/ɡu/,/ɡu/,0,0.0,0.0,2,2
394,*/ɡut̪/,/ɡut̪/,0,0.0,0.0,3,3
395,*/avwaʁ/,/avwaʁ/,0,0.0,0.0,5,5
396,*/aʒ/,/e/,2,2.0,0.6923076923076923,2,1
397,*/min̪/,/min̪/,0,0.0,0.0,3,3
398,*/waʁ/,/waʁ/,0,0.0,0.0,3,3
399,*/jɛʁ/,/jɛʁ/,0,0.0,0.0,3,3
400,*/ivɛʁ/,/ivɛʁ/,0,0.0,0.0,4,4
401,*/ʒeʁɔm/,/ʒeʁom/,1,0.2,0.038461538461538464,5,5
402,*/i/,/i/,0,0.0,0.0,1,1
403,*/ɥi/,/ɥi/,0,0.0,0.0,2,2
404,*/ɔm/,/ɔm/,0,0.0,0.0,2,2
405,*/ɔn̪œʁ/,/ɔn̪œʁ/,0,0.0,0.0,4,4
406,*/œʁ/,/œʁ/,0,0.0,0.0,2,2
407,*/ɔʁʒ/,/ɔʁʒ/,0,0.0,0.0,3,3
408,*/ot̪/,/ot̪/,0,0.0,0.0,2,2
409,*/ot̪ɛl/,/ot̪ɛl/,0,0.0,0.0,4,4
410,*/ʒi/,/ʒi/,0,0.0,0.0,2,2
411,*/ʒɑ̃vje/,/ʒɑ̃vje/,0,0.0,0.0,5,5
412,*/ʒɥɛ̃/,/ʒœn̪/,2,0.6666666666666666,0.4230769230769231,3,3
413,*/la/,/la/,0,0.0,0.0,2,2
414,*/ɛl/,/ɛl/,0,0.0,0.0,2,2
415,*/la/,/la/,0,0.0,0.0,2,2
416,*/la/,/le/,1,0.5,0.038461538461538464,2,2
417,*/il/,/il/,0,0.0,0.0,2,2
418,*/lœʁ/,/lœʁ/,0,0.0,0.0,3,3
419,*/le/,/le/,0,0.0,0.0,2,2
420,*/ø/,/ø/,0,0.0,0.0,1,1
421,*/lɥi/,/lɥi/,0,0.0,0.0,3,3
422,*/lə/,/lə/,0,0.0,0.0,2,2
423,*/ɑ̃pʁœʁ/,/ɑ̃pʁœʁ/,0,0.0,0.0,5,5
424,*/ɑ̃/,/ɑ̃/,0,0.0,0.0,1,1
425,*/ɑ̃/,/ɑ̃/,0,0.0,0.0,1,1
426,*/ɑ̃fɛʁ/,/ɑ̃fɛʁ/,0,0.0,0.0,4,4
427,*/ɛɲɛ̃/,/ɑ̃ʒɛ̃/,2,0.6666666666666666,0.40384615384615385,3,3
428,*/ɛjɛ̃/,/ɑ̃ʒɛ̃/,2,0.6666666666666666,0.4230769230769231,3,3
429,*/ɑ̃ʃɑ̃t̪əmɑ̃/,/ɑ̃ʃɑ̃t̪əmɑ̃/,0,0.0,0.0,7,7
430,*/ɑ̃sɛɲ/,/ɑ̃sɛɲ/,0,0.0,0.0,4,4
431,*/ɑ̃sɑ̃bl/,/ɑ̃sɑ̃bl/,0,0.0,0.0,5,5
432,*/il/,/il/,0,0.0,0.0,2,2
433,*/ɑ̃t̪jɛʁ/,/ɑ̃t̪jɛʁ/,0,0.0,0.0,5,5
434,*/ɑ̃t̪je/,/ɑ̃t̪je/,0,0.0,0.0,4,4
435,*/ɑ̃t̪ʁ/,/ɑ̃t̪ʁ/,0,0.0,0.0,3,3
436,*/ɑ̃t̪ʁɑj/,/ɑ̃t̪ʁɑj/,0,0.0,0.0,5,5
437,*/ʒø/,/ʒø/,0,0.0,0.0,2,2
438,*/ʒød̪i/,/ʒød̪i/,0,0.0,0.0,4,4
439,*/ʒys/,/ʒyʒ/,1,0.3333333333333333,0.15384615384615385,3,3
440,*/ʒø/,/ʒu/,1,0.5,0.11538461538461539,2,2
441,*/ʒɔn̪is/,/ʒen̪is/,1,0.2,0.19230769230769232,5,5
442,*/ʒɥɛ̃/,/ʒɥɛ̃/,0,0.0,0.0,3,3
443,*/ʒy/,/ʒy/,0,0.0,0.0,2,2
444,*/ʒœn̪/,/ʒœn̪/,0,0.0,0.0,3,3
445,*/ʒuvɑ̃sɛl/,/ʒuvɑ̃sɛl/,0,0.0,0.0,7,7
446,*/ʒuvɑ̃so/,/ʒuvɑ̃so/,0,0.0,0.0,6,6
447,*/ʃəvlije/,/ʃəvalje/,2,0.2857142857142857,0.6923076923076923,7,7
448,*/ʃəvoʒe/,/ʃəvoʃe/,1,0.16666666666666666,0.038461538461538464,6,6
449,*/ʃəvoʃ/,/ʃəvoʃ/,0,0.0,0.0,5,5
450,*/ʃəvoʒɛ?0/,/ʃəvoʃe/,3,0.5,0.6538461538461539,7,6
451,*/ʃəval/,/ʃəval/,0,0.0,0.0,5,5
452,*/ʃəvo/,/ʃəvo/,0,0.0,0.0,4,4
453,*/ʃɑ̃s/,/ʃɑ̃s/,0,0.0,0.0,3,3
454,*/sjø/,/sjø/,0,0.0,0.0,3,3
455,*/sɛl/,/sjɛl/,1,0.25,0.5,3,4
456,*/sjø/,/sjø/,0,0.0,0.0,3,3
457,*/sɛʁfœj/,/sɛʁfœj/,0,0.0,0.0,6,6
458,*/ʃɛziø/,/ʃasjø/,3,0.6,0.19230769230769232,5,5
459,*/ʃasi/,/ʃasi/,0,0.0,0.0,4,4
460,*/ʃalwaʁ/,/ʃalwaʁ/,0,0.0,0.0,6,6
461,*/ʃo/,/ʃo/,0,0.0,0.0,2,2
462,*/ʃod̪/,/ʃod̪/,0,0.0,0.0,3,3
463,*/ʃo/,/ʃo/,0,0.0,0.0,2,2
464,*/ʃalœʁ/,/ʃalœʁ/,0,0.0,0.0,5,5
465,*/ʃov/,/ʃov/,0,0.0,0.0,3,3
466,*/ʃamo/,/ʃamo/,0,0.0,0.0,4,4
467,*/ʃɑ̃bʁ/,/ʃɑ̃bʁ/,0,0.0,0.0,4,4
468,*/ʃəmiz/,/ʃəmiz/,0,0.0,0.0,5,5
469,*/ʃamɛ̃/,/ʃəmɛ̃/,1,0.25,0.09615384615384616,4,4
470,*/ʃame/,/ʃəmin̪e/,3,0.5,1.2884615384615385,4,6
471,*/ʃamwa/,/ʃamwa/,0,0.0,0.0,5,5
472,*/ʃɑ̃paɲ/,/ʃɑ̃paɲ/,0,0.0,0.0,5,5
473,*/ʃɑ̃piɲœl/,/ʃɑ̃piɲœl/,0,0.0,0.0,7,7
474,*/ʃɑ̃piɲɔ̃/,/ʃɑ̃piɲɔ̃/,0,0.0,0.0,6,6
475,*/ʃɑ̃/,/ʃɑ̃/,0,0.0,0.0,2,2
476,*/ʃən̪al/,/ʃən̪al/,0,0.0,0.0,5,5
477,*/ʃjɛn̪/,/ʃjɛn̪/,0,0.0,0.0,4,4
478,*/ʃjɛ̃/,/ʃjɛ̃/,0,0.0,0.0,3,3
479,*/ʃɑ̃d̪lœʁ/,/ʃɑ̃d̪əlœʁ/,1,0.14285714285714285,0.5576923076923077,6,7
480,*/ʃɑ̃sɛlje/,/ʃɑ̃səlje/,1,0.14285714285714285,0.057692307692307696,7,7
481,*/ʃən̪y/,/ʃən̪y/,0,0.0,0.0,4,4
482,*/ʃən̪y/,/ʃən̪y/,0,0.0,0.0,4,4
483,*/ʃəvø/,/ʃəvø/,0,0.0,0.0,4,4
484,*/ʃəvø/,/ʃəvø/,0,0.0,0.0,4,4
485,*/ʃət̪ije/,/ʃatwaje/,4,0.5714285714285714,0.7884615384615384,6,7
486,*/ʃap/,/ʃap/,0,0.0,0.0,3,3
487,*/ʃapɛl/,/ʃapɛl/,0,0.0,0.0,5,5
488,*/ʃapo/,/ʃapo/,0,0.0,0.0,4,4
489,*/ʃɛvʁ/,/ʃɛvʁ/,0,0.0,0.0,4,4
490,*/ʃase/,/ʃase/,0,0.0,0.0,4,4
491,*/ʃɛbl/,/ʃabl/,1,0.25,0.07692307692307693,4,4
492,*/ʃɛf/,/ʃɛf/,0,0.0,0.0,3,3
493,*/ʃaʁl/,/ʃaʁl/,0,0.0,0.0,4,4
494,*/ʃaʁt̪ʁ/,/ʃaʁt̪ʁ/,0,0.0,0.0,5,5
495,*/ʃaʁɔɲ/,/ʃaʁɔɲ/,0,0.0,0.0,5,5
496,*/ʃaʁpɑ̃t̪je/,/ʃaʁpɑ̃t̪je/,0,0.0,0.0,8,8
497,*/ʃaʁm/,/ʃaʁm/,0,0.0,0.0,4,4
498,*/ʃaʁy/,/ʃaʁy/,0,0.0,0.0,4,4
499,*/ʃaʁwase/,/ʒɛʁse/,4,0.8,1.4038461538461537,7,5
500,*/ʃɛʁ/,/ʃɛʁ/,0,0.0,0.0,3,3
501,*/ʃaʁt̪e/,/ʃɛʁt̪e/,1,0.2,0.07692307692307693,5,5
502,*/ʃaʁʒ/,/ʃaʁʒ/,0,0.0,0.0,4,4
503,*/ʃaʁʒe/,/ʃaʁʒe/,0,0.0,0.0,5,5
504,*/ʃaʁʒe/,/ʃaʁʒe/,0,0.0,0.0,5,5
505,*/ʃaʁ/,/ʃaʁ/,0,0.0,0.0,3,3
506,*/ʃaʁt̪ʁ/,/ʃaʁt̪ʁ/,0,0.0,0.0,5,5
507,*/ʃɛʁ/,/ʃɛʁ/,0,0.0,0.0,3,3
508,*/ʃɑt̪aɲ/,/ʃɑt̪ɛɲ/,1,0.2,0.07692307692307693,5,5
509,*/ʃɑt̪o/,/ʃɑt̪o/,0,0.0,0.0,4,4
510,*/ʃe/,/ʃe/,0,0.0,0.0,2,2
511,*/ʃɛn̪/,/ʃɛn̪/,0,0.0,0.0,3,3
512,*/ʃat̪/,/ʃat̪/,0,0.0,0.0,3,3
513,*/ʃa/,/ʃa/,0,0.0,0.0,2,2
514,*/ʃɛʁ/,/ʃɛz/,1,0.3333333333333333,0.1346153846153846,3,3
515,*/ʃuɑ̃/,/ʃwɑ̃/,1,0.3333333333333333,0.07692307692307693,3,3
516,*/ʃwajœl/,/ʒol/,5,1.6666666666666667,1.6153846153846154,6,3
517,*/ʃəvɛj/,/ʃəvij/,1,0.2,0.07692307692307693,5,5
518,*/ʃu/,/ʃu/,0,0.0,0.0,2,2
519,*/ʃoz/,/ʃoz/,0,0.0,0.0,3,3
520,*/sɛlwaʁe/,/sɛleʁje/,3,0.42857142857142855,0.8461538461538461,7,7
521,*/sɑ̃/,/sɑ̃/,0,0.0,0.0,2,2
522,*/siʁ/,/siʁ/,0,0.0,0.0,3,3
523,*/sɛʁvɛl/,/sɛʁvɛl/,0,0.0,0.0,6,6
524,*/sɛʁvo/,/sɛʁvo/,0,0.0,0.0,5,5
525,*/siʁ/,/sjɛʁʒ/,3,0.6,1.0,3,5
526,*/sɛʁt̪/,/sɛʁt̪/,0,0.0,0.0,4,4
527,*/sɛʁt̪ɛn̪/,/sɛʁt̪ɛn̪/,0,0.0,0.0,6,6
528,*/sɛʁt̪ɛ̃/,/sɛʁt̪ɛ̃/,0,0.0,0.0,5,5
529,*/sɛʁvwaz/,/sɛʁvwaz/,0,0.0,0.0,7,7
530,*/sɛʁf/,/sɛʁ/,1,0.3333333333333333,0.4423076923076923,4,3
531,*/sɑ̃ɡl/,/sɑ̃ɡl/,0,0.0,0.0,4,4
532,*/sɛ̃t̪yʁ/,/sɛ̃t̪yʁ/,0,0.0,0.0,5,5
533,*/sɛ/,/sɛp/,1,0.3333333333333333,0.5769230769230769,2,3
534,*/sɛʁn̪/,/sɛʁn̪/,0,0.0,0.0,4,4
535,*/sɛʁkl/,/sɛʁkl/,0,0.0,0.0,5,5
536,*/sit̪e/,/sit̪e/,0,0.0,0.0,4,4
537,*/klef/,/ɡlɛv/,3,0.75,0.11538461538461539,4,4
538,*/ɡlame/,/klame/,1,0.2,0.038461538461538464,5,5
539,*/ɡlɛ̃/,/klɛ̃/,1,0.3333333333333333,0.038461538461538464,3,3
540,*/klɛʁ/,/klɛʁ/,0,0.0,0.0,4,4
541,*/ɡlɛʁ/,/ɡlɛʁ/,0,0.0,0.0,4,4
542,*/klɛʁ/,/klɛʁ/,0,0.0,0.0,4,4
543,*/ɡlɑ/,/ɡlɑ/,0,0.0,0.0,3,3
544,*/klɛf/,/kle/,2,0.6666666666666666,0.6923076923076923,4,3
545,*/klɛf/,/klɛf/,0,0.0,0.0,4,4
546,*/klu/,/klu/,0,0.0,0.0,3,3
547,*/klɛ/,/klɛ/,0,0.0,0.0,3,3
548,*/kø/,/kø/,0,0.0,0.0,2,2
549,*/kuʁ/,/kuʁ/,0,0.0,0.0,3,3
550,*/kuj/,/kuj/,0,0.0,0.0,3,3
551,*/ku/,/ku/,0,0.0,0.0,2,2
552,*/ku/,/ku/,0,0.0,0.0,2,2
553,*/kulɑ̃ʒe/,/kɔlɔ̃bje/,4,0.5714285714285714,0.9230769230769231,6,7
554,*/ku/,/ku/,0,0.0,0.0,2,2
555,*/ku/,/ku/,0,0.0,0.0,2,2
556,*/kuluvʁ/,/kulœvʁ/,1,0.16666666666666666,0.15384615384615385,6,6
557,*/kuluj/,/kən̪uj/,2,0.4,0.28846153846153844,5,5
558,*/kulɔ̃b/,/kolɔ̃b/,1,0.2,0.038461538461538464,5,5
559,*/kɔk/,/kɔk/,0,0.0,0.0,3,3
560,*/kɥije/,/kɥijɛʁ/,2,0.3333333333333333,0.6153846153846154,5,6
561,*/kɥis/,/kɥis/,0,0.0,0.0,4,4
562,*/kø/,/kø/,0,0.0,0.0,2,2
563,*/kɔ̃t̪/,/kɔ̃t̪/,0,0.0,0.0,3,3
564,*/kɔ̃ʒe/,/kɔ̃ʒe/,0,0.0,0.0,4,4
565,*/kɔmœ̃/,/kɔmœ̃/,0,0.0,0.0,4,4
566,*/kɔ̃paɲ/,/kɔ̃paɲ/,0,0.0,0.0,5,5
567,*/kɔ̃pɛ̃/,/kɔpɛ̃/,1,0.25,0.038461538461538464,4,4
568,*/kɔ̃paɲɔ̃/,/kɔ̃paɲɔ̃/,0,0.0,0.0,6,6
569,*/kɔ̃t̪/,/kɔ̃t̪/,0,0.0,0.0,3,3
570,*/kɔn̪wat̪ʁ/,/kɔn̪ɛt̪ʁ/,2,0.3333333333333333,0.7307692307692307,7,6
571,*/kuzije/,/kɔ̃seje/,3,0.5,0.19230769230769232,6,6
572,*/kɔ̃sɛj/,/kɔ̃sej/,1,0.2,0.038461538461538464,5,5
573,*/kut̪ym/,/kut̪ym/,0,0.0,0.0,5,5
574,*/kɔ̃t̪ʁ/,/kɔ̃t̪ʁ/,0,0.0,0.0,4,4
575,*/kubl/,/kupl/,1,0.25,0.038461538461538464,4,4
576,*/kœʁ/,/kœʁ/,0,0.0,0.0,3,3
577,*/kɔʁn̪/,/kɔʁn̪/,0,0.0,0.0,4,4
578,*/kɥiʁ/,/kɥiʁ/,0,0.0,0.0,4,4
579,*/kuʁɔn̪/,/kuʁɔn̪/,0,0.0,0.0,5,5
580,*/kɔʁ/,/kɔʁ/,0,0.0,0.0,3,3
581,*/kuʁwa/,/kuʁwa/,0,0.0,0.0,5,5
582,*/kuʁve/,/kɔʁve/,1,0.2,0.07692307692307693,5,5
583,*/kot̪/,/kot̪/,0,0.0,0.0,3,3
584,*/kot̪e/,/kot̪e/,0,0.0,0.0,4,4
585,*/ɡʁɛse/,/ɡʁəse/,1,0.2,0.057692307692307696,5,5
586,*/ɡʁɑs/,/ɡʁɑs/,0,0.0,0.0,4,4
587,*/ɡʁas/,/ɡʁɑs/,1,0.25,0.07692307692307693,4,4
588,*/ɡʁɛs/,/ɡʁɛs/,0,0.0,0.0,4,4
589,*/ɡʁɑ/,/ɡʁɑ/,0,0.0,0.0,3,3
590,*/ɡʁɑ/,/ɡʁɑ/,0,0.0,0.0,3,3
591,*/ɡʁaɛl/,/ɡʁal/,1,0.25,0.38461538461538464,5,4
592,*/ɡʁaj/,/ɡʁij/,1,0.25,0.07692307692307693,4,4
593,*/ɡʁaʒle/,/ɡʁije/,3,0.6,0.8461538461538461,6,5
594,*/ɡʁaj/,/ɡʁij/,1,0.25,0.07692307692307693,4,4
595,*/kʁɑ̃t̪e/,/ɡʁɑ̃t̪e/,1,0.2,0.038461538461538464,5,5
596,*/kʁɑ̃/,/ɡʁɑ̃/,1,0.3333333333333333,0.038461538461538464,3,3
597,*/kʁwa/,/kʁwa/,0,0.0,0.0,4,4
598,*/kʁəvɑ̃t̪e/,/ɡʁavɑ̃t̪e/,2,0.2857142857142857,0.1346153846153846,7,7
599,*/kʁwasɑ̃/,/kʁwasɑ̃/,0,0.0,0.0,6,6
600,*/kʁɛ/,/kʁɛ/,0,0.0,0.0,3,3
601,*/kʁy/,/kʁy/,0,0.0,0.0,3,3
602,*/kʁy/,/kʁy/,0,0.0,0.0,3,3
603,*/kʁy/,/kʁy/,0,0.0,0.0,3,3
604,*/kʁy/,/kʁy/,0,0.0,0.0,3,3
605,*/kʁwa/,/kʁwa/,0,0.0,0.0,4,4
606,*/kʁut̪/,/kʁut̪/,0,0.0,0.0,4,4
607,*/kul/,/kul/,0,0.0,0.0,3,3
608,*/ku/,/kul/,1,0.3333333333333333,0.7692307692307693,2,3
609,*/kupabl/,/kupabl/,0,0.0,0.0,6,6
610,*/kyl/,/ky/,1,0.5,0.7692307692307693,3,2
611,*/ky/,/ky/,0,0.0,0.0,2,2
612,*/kɔ̃b/,/kɔ̃b/,0,0.0,0.0,3,3
613,*/kɔ̃bl/,/kɔ̃bl/,0,0.0,0.0,4,4
614,*/kɔɲe/,/kɔɲe/,0,0.0,0.0,4,4
615,*/kwɛ̃/,/kwɛ̃/,0,0.0,0.0,3,3
616,*/kyv/,/kyv/,0,0.0,0.0,3,3
617,*/kup/,/kup/,0,0.0,0.0,3,3
618,*/kɥivʁ/,/kɥivʁ/,0,0.0,0.0,5,5
619,*/kubl/,/kubl/,0,0.0,0.0,4,4
620,*/kuʁ/,/kuʁ/,0,0.0,0.0,3,3
621,*/kaʁɑ̃t̪/,/kaʁɑ̃t̪/,0,0.0,0.0,5,5
622,*/kaʁvuʁ/,/kaʁfuʁ/,1,0.16666666666666666,0.038461538461538464,6,6
623,*/kɛ/,/kɛt̪/,1,0.3333333333333333,0.6153846153846154,2,3
624,*/kɛl/,/kɛl/,0,0.0,0.0,3,3
625,*/kɛl/,/kɛl/,0,0.0,0.0,3,3
626,*/kɑ̃/,/kɑ̃/,0,0.0,0.0,2,2
627,*/kɑ̃/,/kɑ̃/,0,0.0,0.0,2,2
628,*/kat̪ʁ/,/kat̪ʁ/,0,0.0,0.0,4,4
629,*/kat̪ɔʁz/,/kat̪ɔʁz/,0,0.0,0.0,6,6
630,*/kə/,/kə/,0,0.0,0.0,2,2
631,*/sɛʁsɛl/,/saʁsɛl/,1,0.16666666666666666,0.07692307692307693,6,6
632,*/ki/,/ki/,0,0.0,0.0,2,2
633,*/ki/,/ki/,0,0.0,0.0,2,2
634,*/kwa/,/kwa/,0,0.0,0.0,3,3
635,*/kwa/,/kwa/,0,0.0,0.0,3,3
636,*/kɛ̃z/,/kɛ̃z/,0,0.0,0.0,3,3
637,*/sɛ̃k/,/sɛ̃k/,0,0.0,0.0,3,3
638,*/sɛ̃kɑ̃t̪/,/sɛ̃kɑ̃t̪/,0,0.0,0.0,5,5
639,*/kɛ̃t̪ɛn̪/,/kɛ̃t̪ɛn̪/,0,0.0,0.0,5,5
640,*/kɛ̃/,/kɛ̃/,0,0.0,0.0,2,2
641,*/ke/,/kə/,1,0.5,0.057692307692307696,2,2
642,*/kɔm/,/kɔm/,0,0.0,0.0,3,3
643,*/lɛvʁ/,/lɛvʁ/,0,0.0,0.0,4,4
644,*/ljɛs/,/ljɛs/,0,0.0,0.0,4,4
645,*/lɛ/,/lɛ/,0,0.0,0.0,2,2
646,*/lɛʁm/,/laʁm/,1,0.25,0.07692307692307693,4,4
647,*/lɛse/,/lɛse/,0,0.0,0.0,4,4
648,*/lɛ/,/lɛ/,0,0.0,0.0,2,2
649,*/lɛt̪y/,/lɛt̪y/,0,0.0,0.0,4,4
650,*/lasɛʁ/,/lasjɛʁ/,1,0.16666666666666666,0.5,5,6
651,*/la/,/la/,0,0.0,0.0,2,2
652,*/lam/,/lam/,0,0.0,0.0,3,3
653,*/lɑ̃p/,/lɑ̃p/,0,0.0,0.0,3,3
654,*/lɑ̃pʁwa/,/lɑ̃pʁwa/,0,0.0,0.0,6,6
655,*/lɛn̪/,/lɛn̪/,0,0.0,0.0,3,3
656,*/lɑ̃d̪/,/lɑ̃d̪/,0,0.0,0.0,3,3
657,*/laɲ/,/lɑ̃ʒ/,2,0.6666666666666666,0.3269230769230769,3,3
658,*/lɑ̃s/,/lɑ̃s/,0,0.0,0.0,3,3
659,*/lɑ̃t̪ɛʁn̪/,/lɑ̃t̪ɛʁn̪/,0,0.0,0.0,6,6
660,*/laʁ/,/laʁ/,0,0.0,0.0,3,3
661,*/lɑs/,/lɑs/,0,0.0,0.0,3,3
662,*/lɑ/,/lɑ/,0,0.0,0.0,2,2
663,*/lɛz/,/lɛz/,0,0.0,0.0,3,3
664,*/laʁsɛ̃/,/laʁsɛ̃/,0,0.0,0.0,5,5
665,*/laʁɔ̃/,/laʁɔ̃/,0,0.0,0.0,4,4
666,*/le/,/le/,0,0.0,0.0,2,2
667,*/lwe/,/lwe/,0,0.0,0.0,3,3
668,*/lɔʃ/,/lɔʃ/,0,0.0,0.0,3,3
669,*/lave/,/lave/,0,0.0,0.0,4,4
670,*/lɔʁje/,/lɔʁje/,0,0.0,0.0,5,5
671,*/lad̪ʁ/,/lad̪ʁ/,0,0.0,0.0,4,4
672,*/lwajal/,/lwajal/,0,0.0,0.0,6,6
673,*/lwajo/,/lwajo/,0,0.0,0.0,5,5
674,*/lwa/,/lwa/,0,0.0,0.0,3,3
675,*/li/,/li/,0,0.0,0.0,2,2
676,*/lɑ̃t̪/,/lɑ̃t̪/,0,0.0,0.0,3,3
677,*/lɑ̃t̪/,/lɑ̃t̪/,0,0.0,0.0,3,3
678,*/lɑ̃/,/lɑ̃/,0,0.0,0.0,2,2
679,*/levʁije/,/levʁije/,0,0.0,0.0,7,7
680,*/ljɛvʁ/,/ljɛvʁ/,0,0.0,0.0,5,5
681,*/lɛ/,/lɛ/,0,0.0,0.0,2,2
682,*/ljø/,/ljø/,0,0.0,0.0,3,3
683,*/ləvɛ̃/,/ləvɛ̃/,0,0.0,0.0,4,4
684,*/livo/,/n̪ivo/,1,0.25,0.11538461538461539,4,4
685,*/livʁ/,/livʁ/,0,0.0,0.0,4,4
686,*/li/,/li/,0,0.0,0.0,2,2
687,*/lwajɛ̃/,/ljɛ̃/,2,0.6666666666666666,0.9615384615384616,5,3
688,*/lwaziʁ/,/lwaziʁ/,0,0.0,0.0,6,6
689,*/lim/,/lim/,0,0.0,0.0,3,3
690,*/lime/,/lime/,0,0.0,0.0,4,4
691,*/lɛ̃t̪/,/lɛ̃t̪/,0,0.0,0.0,3,3
692,*/liɲ/,/liɲ/,0,0.0,0.0,3,3
693,*/liɲe/,/liɲe/,0,0.0,0.0,4,4
694,*/lɑ̃ɡʁ/,/lɑ̃ɡʁ/,0,0.0,0.0,4,4
695,*/lɛ̃sœl/,/lɛ̃sœl/,0,0.0,0.0,5,5
696,*/lɛ̃/,/lɛ̃/,0,0.0,0.0,2,2
697,*/lɑ̃ɡaʒ/,/lɑ̃ɡaʒ/,0,0.0,0.0,5,5
698,*/lɑ̃ɡ/,/lɑ̃ɡ/,0,0.0,0.0,3,3
699,*/lɛt̪ʁ/,/lɛt̪ʁ/,0,0.0,0.0,4,4
700,*/lwe/,/lwe/,0,0.0,0.0,3,3
701,*/lwaje/,/lwaje/,0,0.0,0.0,5,5
702,*/ljø/,/ljø/,0,0.0,0.0,3,3
703,*/lɔ̃d̪ʁ/,/lɔ̃d̪ʁ/,0,0.0,0.0,4,4
704,*/lwɛ̃/,/lwɛ̃/,0,0.0,0.0,3,3
705,*/lwɛ̃t̪ɛ̃/,/lwɛ̃t̪ɛ̃/,0,0.0,0.0,5,5
706,*/lɔ̃/,/lɔ̃/,0,0.0,0.0,2,2
707,*/lɔ̃/,/lɔ̃/,0,0.0,0.0,2,2
708,*/lɔt̪/,/lɔt̪/,0,0.0,0.0,3,3
709,*/lɥœʁ/,/lɥœʁ/,0,0.0,0.0,4,4
710,*/lymjɛʁ/,/lymjɛʁ/,0,0.0,0.0,6,6
711,*/lœ̃d̪i/,/lœ̃d̪i/,0,0.0,0.0,4,4
712,*/lyn̪/,/lyn̪/,0,0.0,0.0,3,3
713,*/luv/,/luv/,0,0.0,0.0,3,3
714,*/lusɛʁvje/,/lusɛʁvje/,0,0.0,0.0,8,8
715,*/luʃ/,/luʃ/,0,0.0,0.0,3,3
716,*/mɛ/,/mɛ/,0,0.0,0.0,2,2
717,*/mɛ/,/mɛ/,0,0.0,0.0,2,2
718,*/mɛtʁ/,/mɛt̪ʁ/,1,0.25,0.038461538461538464,4,4
719,*/mɛʁ/,/mɛʁ/,0,0.0,0.0,3,3
720,*/mɛ/,/mɛ/,0,0.0,0.0,2,2
721,*/mɛlje/,/mazlie/,3,0.5,0.6538461538461539,5,6
722,*/masɔ̃/,/masɔ̃/,0,0.0,0.0,4,4
723,*/mɑj/,/mɑj/,0,0.0,0.0,3,3
724,*/malad̪/,/malad̪/,0,0.0,0.0,5,5
725,*/movɛ/,/movɛ/,0,0.0,0.0,4,4
726,*/mo/,/mo/,0,0.0,0.0,2,2
727,*/mal/,/mal/,0,0.0,0.0,3,3
728,*/mamɛl/,/mamɛl/,0,0.0,0.0,5,5
729,*/mɑ̃d̪e/,/mɑ̃d̪e/,0,0.0,0.0,4,4
730,*/mɑ̃ʒe/,/mɑ̃ʒe/,0,0.0,0.0,4,4
731,*/mɑ̃ʃ/,/mɑ̃ʃ/,0,0.0,0.0,3,3
732,*/mɛn̪je/,/mɛn̪je/,0,0.0,0.0,5,5
733,*/mɛn̪je/,/men̪je/,1,0.2,0.038461538461538464,5,5
734,*/mɛzɔ̃/,/mɛzɔ̃/,0,0.0,0.0,4,4
735,*/mɑt̪ɛ̃/,/mɑt̪ɛ̃/,0,0.0,0.0,4,4
736,*/mɑ̃syʁ/,/mazyʁ/,2,0.4,0.15384615384615385,5,5
737,*/mɑ̃t̪o/,/mɑ̃t̪o/,0,0.0,0.0,4,4
738,*/mɛ̃/,/mɛ̃/,0,0.0,0.0,2,2
739,*/mɑ̃vjɛʁ/,/manjɛʁ/,2,0.3333333333333333,0.3269230769230769,6,6
740,*/man̪œvʁ/,/man̪œvʁ/,0,0.0,0.0,6,6
741,*/mɑ̃/,/mɛ̃/,1,0.5,0.15384615384615385,2,2
742,*/map/,/n̪ap/,1,0.3333333333333333,0.09615384615384616,3,3
743,*/mɛʁ/,/mɛʁ/,0,0.0,0.0,3,3
744,*/maʁl/,/maʁl/,0,0.0,0.0,4,4
745,*/maʁi/,/maʁi/,0,0.0,0.0,4,4
746,*/maʁbʁ/,/maʁbʁ/,0,0.0,0.0,5,5
747,*/maʁt̪o/,/maʁt̪o/,0,0.0,0.0,5,5
748,*/mɑl/,/mɑl/,0,0.0,0.0,3,3
749,*/mɑs/,/mas/,1,0.3333333333333333,0.07692307692307693,3,3
750,*/mɑʃe/,/mɑʃe/,0,0.0,0.0,4,4
751,*/mɑʃ/,/mɑʃ/,0,0.0,0.0,3,3
752,*/ma/,/ma/,0,0.0,0.0,2,2
753,*/mɑ/,/mɑ/,0,0.0,0.0,2,2
754,*/mɛʁɛ̃/,/mɛʁɛ̃/,0,0.0,0.0,4,4
755,*/maʁɑt̪ʁ/,/maʁɑt̪ʁ/,0,0.0,0.0,6,6
756,*/mɛʁ/,/mɛʁ/,0,0.0,0.0,3,3
757,*/maʁəɡije/,/maʁɡije/,1,0.14285714285714285,0.5192307692307693,8,7
758,*/mas/,/mas/,0,0.0,0.0,3,3
759,*/masy/,/masy/,0,0.0,0.0,4,4
760,*/myʁ/,/myʁ/,0,0.0,0.0,3,3
761,*/myʁ/,/myʁ/,0,0.0,0.0,3,3
762,*/mat̪ɛ̃/,/mat̪ɛ̃/,0,0.0,0.0,4,4
763,*/ma/,/ma/,0,0.0,0.0,2,2
764,*/me/,/me/,0,0.0,0.0,2,2
765,*/me/,/me/,0,0.0,0.0,2,2
766,*/mwa/,/mwa/,0,0.0,0.0,3,3
767,*/mjø/,/mjɛ̃/,1,0.3333333333333333,0.15384615384615385,3,3
768,*/mɔ̃/,/mɔ̃/,0,0.0,0.0,2,2
769,*/mɑj/,/mɑj/,0,0.0,0.0,3,3
770,*/mwajɛn̪/,/mwajɛn̪/,0,0.0,0.0,6,6
771,*/mwajɛ̃/,/mwajɛ̃/,0,0.0,0.0,5,5
772,*/mwat̪e/,/mwat̪je/,1,0.16666666666666666,0.4807692307692308,5,6
773,*/mjesin̪jɛl/,/mesin̪ɛl/,2,0.2857142857142857,0.7884615384615384,9,7
774,*/mi/,/mi/,0,0.0,0.0,2,2
775,*/mul/,/mwal/,2,0.5,0.7307692307692307,3,4
776,*/mjɛl/,/mjɛl/,0,0.0,0.0,4,4
777,*/mɛjœʁ/,/mɛjœʁ/,0,0.0,0.0,5,5
778,*/mjø/,/mjø/,0,0.0,0.0,3,3
779,*/mɑ̃bʁ/,/mɑ̃bʁ/,0,0.0,0.0,4,4
780,*/mwaz/,/mwaz/,0,0.0,0.0,4,4
781,*/mwa/,/mwa/,0,0.0,0.0,3,3
782,*/məzyʁ/,/məzyʁ/,0,0.0,0.0,5,5
783,*/mɑ̃sɔ̃ʒ/,/mɑ̃sɔ̃ʒ/,0,0.0,0.0,5,5
784,*/mɑ̃t̪œʁ/,/mɑ̃t̪œʁ/,0,0.0,0.0,5,5
785,*/maʁʃɑ̃/,/maʁʃɑ̃/,0,0.0,0.0,5,5
786,*/maʁʃe/,/maʁʃe/,0,0.0,0.0,5,5
787,*/mɛʁsi/,/mɛʁsi/,0,0.0,0.0,5,5
788,*/mɛʁsən̪je/,/mɛʁsən̪je/,0,0.0,0.0,8,8
789,*/mwasɔ̃/,/mwasɔ̃/,0,0.0,0.0,5,5
790,*/mɛm/,/mɛm/,0,0.0,0.0,3,3
791,*/mil/,/mil/,0,0.0,0.0,3,3
792,*/mi/,/mi/,0,0.0,0.0,2,2
793,*/mɛʃ/,/mɛʃ/,0,0.0,0.0,3,3
794,*/mən̪as/,/mən̪as/,0,0.0,0.0,5,5
795,*/mɛ̃se/,/mɛ̃se/,0,0.0,0.0,4,4
796,*/min̪/,/min̪/,0,0.0,0.0,3,3
797,*/mən̪e/,/mən̪e/,0,0.0,0.0,4,4
798,*/mwɛ̃d̪ʁ/,/mwɛ̃d̪ʁ/,0,0.0,0.0,5,5
799,*/mɑ̃/,/mwɛ̃/,2,0.6666666666666666,0.75,2,3
800,*/mɛ̃se/,/mɛ̃se/,0,0.0,0.0,4,4
801,*/mɛle/,/mɛle/,0,0.0,0.0,4,4
802,*/mɛs/,/mɛs/,0,0.0,0.0,3,3
803,*/mɛ/,/mɛ/,0,0.0,0.0,2,2
804,*/mœbl/,/mœbl/,0,0.0,0.0,4,4
805,*/mwajœl/,/mwajø/,2,0.4,0.7692307692307693,6,5
806,*/mul/,/mul/,0,0.0,0.0,3,3
807,*/mœl/,/møl/,1,0.3333333333333333,0.038461538461538464,3,3
808,*/mɔn̪je/,/møn̪je/,1,0.2,0.11538461538461539,5,5
809,*/mulɛ̃/,/mulɛ̃/,0,0.0,0.0,4,4
810,*/mut̪yʁ/,/mut̪yʁ/,0,0.0,0.0,5,5
811,*/mu/,/mu/,0,0.0,0.0,2,2
812,*/mu/,/mu/,0,0.0,0.0,2,2
813,*/muje/,/muje/,0,0.0,0.0,4,4
814,*/mɔn̪ɛ/,/mɔn̪ɛ/,0,0.0,0.0,4,4
815,*/mɔ̃t̪aɲ/,/mɔ̃t̪aɲ/,0,0.0,0.0,5,5
816,*/mɔ̃/,/mɔ̃/,0,0.0,0.0,2,2
817,*/mɔ̃so/,/mɔ̃so/,0,0.0,0.0,4,4
818,*/muʁ/,/mœʁ/,1,0.3333333333333333,0.15384615384615385,3,3
819,*/muʁiʁ/,/muʁiʁ/,0,0.0,0.0,5,5
820,*/mɔʁd̪ʁ/,/mɔʁd̪ʁ/,0,0.0,0.0,5,5
821,*/mɔʁ/,/mɔʁ/,0,0.0,0.0,3,3
822,*/mɔʁt̪waʁjø/,/mɔʁt̪ʁijø/,3,0.375,0.9038461538461539,9,8
823,*/mɔʁt̪je/,/mɔʁt̪je/,0,0.0,0.0,6,6
824,*/mɔʁ/,/mɔʁ/,0,0.0,0.0,3,3
825,*/mɔt̪/,/møt̪/,1,0.3333333333333333,0.11538461538461539,3,3
826,*/mufl/,/mufl/,0,0.0,0.0,4,4
827,*/mwat̪/,/mwat̪/,0,0.0,0.0,4,4
828,*/myl/,/myl/,0,0.0,0.0,3,3
829,*/mut̪ɔ̃/,/mut̪ɔ̃/,0,0.0,0.0,4,4
830,*/mu/,/mult̪/,2,0.5,1.0576923076923077,2,4
831,*/myʁɑj/,/myʁɑj/,0,0.0,0.0,5,5
832,*/myʁʒe/,/myʁʒije/,2,0.2857142857142857,0.5769230769230769,5,7
833,*/myʁ/,/myʁ/,0,0.0,0.0,3,3
834,*/muʃ/,/muʃ/,0,0.0,0.0,3,3
835,*/mul/,/mul/,0,0.0,0.0,3,3
836,*/mu/,/mu/,0,0.0,0.0,2,2
837,*/mo/,/mo/,0,0.0,0.0,2,2
838,*/n̪ɛn̪/,/n̪ɛn̪/,0,0.0,0.0,3,3
839,*/n̪ɛ̃/,/n̪ɛ̃/,0,0.0,0.0,2,2
840,*/n̪ɛt̪ʁ/,/n̪ɛt̪ʁ/,0,0.0,0.0,4,4
841,*/n̪ɑs/,/n̪ɑs/,0,0.0,0.0,3,3
842,*/n̪e/,/n̪e/,0,0.0,0.0,2,2
843,*/n̪aɛl/,/n̪ɔɛl/,1,0.25,0.23076923076923078,4,4
844,*/n̪aiv/,/n̪aiv/,0,0.0,0.0,4,4
845,*/n̪aif/,/n̪aif/,0,0.0,0.0,4,4
846,*/n̪u/,/n̪u/,0,0.0,0.0,2,2
847,*/n̪ɛf/,/n̪ɛf/,0,0.0,0.0,3,3
848,*/n̪u/,/n̪u/,0,0.0,0.0,2,2
849,*/n̪wazɛl/,/n̪asɛl/,2,0.4,0.6923076923076923,6,5
850,*/n̪waz/,/n̪waz/,0,0.0,0.0,4,4
851,*/n̪i/,/n̪i/,0,0.0,0.0,2,2
852,*/n̪əvø/,/n̪əvø/,0,0.0,0.0,4,4
853,*/n̪jɛs/,/n̪jɛs/,0,0.0,0.0,4,4
854,*/n̪ət̪œ̃/,/lyt̪ɛ̃/,3,0.75,0.36538461538461536,4,4
855,*/n̪ɛʁf/,/n̪ɛʁf/,0,0.0,0.0,4,4
856,*/n̪i/,/n̪i/,0,0.0,0.0,2,2
857,*/n̪waʁ/,/n̪waʁ/,0,0.0,0.0,4,4
858,*/n̪ɛt̪/,/n̪ɛt̪/,0,0.0,0.0,3,3
859,*/n̪e/,/n̪ɛt̪/,2,0.6666666666666666,0.6538461538461539,2,3
860,*/n̪we/,/n̪we/,0,0.0,0.0,3,3
861,*/n̪wø/,/n̪wø/,0,0.0,0.0,3,3
862,*/n̪ø/,/n̪ø/,0,0.0,0.0,2,2
863,*/n̪ɥi/,/n̪ɥi/,0,0.0,0.0,3,3
864,*/n̪ɔ̃/,/n̪ɔ̃/,0,0.0,0.0,2,2
865,*/n̪ɔ̃/,/n̪ɔ̃/,0,0.0,0.0,2,2
866,*/n̪ə/,/n̪ə/,0,0.0,0.0,2,2
867,*/n̪ɔn̪ɑ̃t̪/,/n̪on̪ɑ̃t̪/,1,0.2,0.038461538461538464,5,5
868,*/n̪ɔn̪/,/n̪ɔn̪/,0,0.0,0.0,3,3
869,*/n̪ɔs/,/n̪ɔs/,0,0.0,0.0,3,3
870,*/n̪u/,/n̪u/,0,0.0,0.0,2,2
871,*/n̪ɔt̪ʁ/,/n̪ɔt̪ʁ/,0,0.0,0.0,4,4
872,*/n̪ɔt̪ʁ/,/n̪ɔt̪ʁ/,0,0.0,0.0,4,4
873,*/n̪uvɛl/,/n̪uvɛl/,0,0.0,0.0,5,5
874,*/n̪uvo/,/n̪uvo/,0,0.0,0.0,4,4
875,*/n̪œf/,/n̪œf/,0,0.0,0.0,3,3
876,*/n̪y/,/n̪y/,0,0.0,0.0,2,2
877,*/n̪y/,/n̪y/,0,0.0,0.0,2,2
878,*/n̪y/,/n̪y/,0,0.0,0.0,2,2
879,*/n̪wa/,/n̪wa/,0,0.0,0.0,3,3
880,*/n̪yl/,/n̪yl/,0,0.0,0.0,3,3
881,*/n̪yl/,/n̪yl/,0,0.0,0.0,3,3
882,*/n̪y/,/n̪y/,0,0.0,0.0,2,2
883,*/n̪yl/,/n̪yl/,0,0.0,0.0,3,3
884,*/n̪ɔ̃bʁ/,/n̪ɔ̃bʁ/,0,0.0,0.0,4,4
885,*/n̪uʁis/,/n̪uʁis/,0,0.0,0.0,5,5
886,*/n̪uʁizɔ̃/,/n̪uʁisɔ̃/,1,0.16666666666666666,0.038461538461538464,6,6
887,*/ubli/,/bəlif/,3,0.6,1.3653846153846154,4,5
888,*/ublje/,/ublije/,1,0.16666666666666666,0.2692307692307692,5,6
889,*/ɔfʁɛ/,/ɔʁfʁɛ/,1,0.2,0.4423076923076923,4,5
890,*/ɥit̪ʁ/,/ɥit̪ʁ/,0,0.0,0.0,4,4
891,*/ɥit̪/,/ɥit̪/,0,0.0,0.0,3,3
892,*/jø/,/jø/,0,0.0,0.0,2,2
893,*/œj/,/œj/,0,0.0,0.0,2,2
894,*/œvʁ/,/œvʁ/,0,0.0,0.0,3,3
895,*/uvʁije/,/uvʁije/,0,0.0,0.0,6,6
896,*/ɔʁd̪ʁ/,/ɔʁd̪ʁ/,0,0.0,0.0,4,4
897,*/ɔʁn̪əmɑ̃/,/ɔʁn̪əmɑ̃/,0,0.0,0.0,6,6
898,*/waj/,/wɑj/,1,0.3333333333333333,0.07692307692307693,3,3
899,*/œf/,/œf/,0,0.0,0.0,2,2
900,*/pajɛ̃/,/pajɛ̃/,0,0.0,0.0,4,4
901,*/pɛi/,/pɛi/,0,0.0,0.0,3,3
902,*/pɛ/,/pɛ/,0,0.0,0.0,2,2
903,*/pɛl/,/pɛl/,0,0.0,0.0,3,3
904,*/po/,/pjø/,2,0.6666666666666666,0.6153846153846154,2,3
905,*/pɛl/,/pjø/,2,0.6666666666666666,0.5384615384615384,3,3
906,*/palɛ/,/palɛ/,0,0.0,0.0,4,4
907,*/pɑj/,/pɑj/,0,0.0,0.0,3,3
908,*/paje/,/pɑje/,1,0.25,0.07692307692307693,4,4
909,*/pom/,/pom/,0,0.0,0.0,3,3
910,*/popjɛʁ/,/popjɛʁ/,0,0.0,0.0,6,6
911,*/pɛ̃/,/pɛ̃/,0,0.0,0.0,2,2
912,*/pan̪je/,/pan̪je/,0,0.0,0.0,5,5
913,*/pan̪o/,/pan̪o/,0,0.0,0.0,4,4
914,*/pɑ̃/,/pɑ̃/,0,0.0,0.0,2,2
915,*/pɑ̃s/,/pɑ̃s/,0,0.0,0.0,3,3
916,*/pavijɔ̃/,/pavijɔ̃/,0,0.0,0.0,6,6
917,*/pɛʁ/,/pɛʁ/,0,0.0,0.0,3,3
918,*/paʁɔl/,/paʁɔl/,0,0.0,0.0,5,5
919,*/palfʁwa/,/paləfʁwa/,1,0.125,0.5576923076923077,7,8
920,*/pɛʁ/,/pɛʁ/,0,0.0,0.0,3,3
921,*/paʁɑ̃/,/paʁɑ̃/,0,0.0,0.0,4,4
922,*/paʁɑ̃t̪e/,/paʁɑ̃t̪e/,0,0.0,0.0,6,6
923,*/pɛʁ/,/pɛʁ/,0,0.0,0.0,3,3
924,*/paʁwa/,/paʁwa/,0,0.0,0.0,5,5
925,*/paʁɛj/,/paʁej/,1,0.2,0.038461538461538464,5,5
926,*/paʁɛj/,/paʁej/,1,0.2,0.038461538461538464,5,5
927,*/paʁi/,/paʁi/,0,0.0,0.0,4,4
928,*/paʁ/,/paʁ/,0,0.0,0.0,3,3
929,*/paʁ/,/paʁ/,0,0.0,0.0,3,3
930,*/paʁsɛl/,/paʁsɛl/,0,0.0,0.0,6,6
931,*/pɑ/,/pɑ/,0,0.0,0.0,2,2
932,*/pɑt̪/,/pɑt̪/,0,0.0,0.0,3,3
933,*/pɑt̪ʁ/,/pɑt̪ʁ/,0,0.0,0.0,4,4
934,*/pɛl/,/pwal/,2,0.5,0.7307692307692307,3,4
935,*/paʁɑt̪ʁ/,/paʁɑt̪ʁ/,0,0.0,0.0,6,6
936,*/pɛʁ/,/pɛʁ/,0,0.0,0.0,3,3
937,*/paʁɛ̃/,/paʁɛ̃/,0,0.0,0.0,4,4
938,*/pu/,/pɔl/,2,0.6666666666666666,0.8076923076923077,2,3
939,*/pɑ̃/,/pɑ̃/,0,0.0,0.0,2,2
940,*/pœʁ/,/pœʁ/,0,0.0,0.0,3,3
941,*/pɔvʁ/,/povʁ/,1,0.25,0.038461538461538464,4,4
942,*/pje/,/pje/,0,0.0,0.0,3,3
943,*/pje/,/pje/,0,0.0,0.0,3,3
944,*/pjɛʒ/,/pjɛʒ/,0,0.0,0.0,4,4
945,*/pjɛʒ/,/pjɛʒ/,0,0.0,0.0,4,4
946,*/pjet̪ɑj/,/pjɛt̪aj/,2,0.3333333333333333,0.11538461538461539,6,6
947,*/pe/,/pɛ/,1,0.5,0.038461538461538464,2,2
948,*/pɔ̃/,/pjɔ̃/,1,0.3333333333333333,0.6923076923076923,2,3
949,*/pu/,/pu/,0,0.0,0.0,2,2
950,*/piʁ/,/piʁ/,0,0.0,0.0,3,3
951,*/pi/,/pi/,0,0.0,0.0,2,2
952,*/pit̪n̪/,/pɛɲ/,3,1.0,0.8653846153846154,4,3
953,*/pi/,/pi/,0,0.0,0.0,2,2
954,*/po/,/po/,0,0.0,0.0,2,2
955,*/po/,/po/,0,0.0,0.0,2,2
956,*/pɑ̃t̪/,/pɑ̃t̪/,0,0.0,0.0,3,3
957,*/pɛ̃so/,/pɛ̃so/,0,0.0,0.0,4,4
958,*/pwal/,/pwal/,0,0.0,0.0,4,4
959,*/pwa/,/pwa/,0,0.0,0.0,3,3
960,*/paʁ/,/paʁ/,0,0.0,0.0,3,3
961,*/pɛʁd̪i/,/pɛʁd̪ʁi/,1,0.16666666666666666,0.5576923076923077,5,6
962,*/pɛʁt̪/,/pɛʁt̪/,0,0.0,0.0,4,4
963,*/peʁɛ̃/,/pɛlʁɛ̃/,2,0.4,0.5961538461538461,4,5
964,*/paʁʃəmɛ̃/,/paʁʃəmɛ̃/,0,0.0,0.0,7,7
965,*/peʁij/,/peʁil/,1,0.2,0.2692307692307692,5,5
966,*/pɛʁʃ/,/pɛʁʃ/,0,0.0,0.0,4,4
967,*/pɛʁl/,/pɛʁl/,0,0.0,0.0,4,4
968,*/paʁpɛ̃/,/paʁpɛ̃/,0,0.0,0.0,5,5
969,*/pɛʁs/,/pɛʁs/,0,0.0,0.0,4,4
970,*/pɛʁʃ/,/pɛʃ/,1,0.3333333333333333,0.46153846153846156,4,3
971,*/pɛʁsɔn̪/,/pɛʁsɔn̪/,0,0.0,0.0,6,6
972,*/pɛʁ/,/pɛʁ/,0,0.0,0.0,3,3
973,*/pɛʁʃ/,/pɛʁʃ/,0,0.0,0.0,4,4
974,*/pɛʁse/,/pɛʁse/,0,0.0,0.0,5,5
975,*/pɛʁt̪ɥi/,/pɛʁt̪ɥi/,0,0.0,0.0,6,6
976,*/pɛʁvɑ̃ʃ/,/pɛʁvɑ̃ʃ/,0,0.0,0.0,6,6
977,*/pɛm/,/pɛm/,0,0.0,0.0,3,3
978,*/pjɛʁ/,/pjɛʁ/,0,0.0,0.0,4,4
979,*/pjɛʁ/,/pjɛʁ/,0,0.0,0.0,4,4
980,*/pjɛs/,/pjɛs/,0,0.0,0.0,4,4
981,*/pi/,/pi/,0,0.0,0.0,2,2
982,*/pit̪je/,/pit̪je/,0,0.0,0.0,5,5
983,*/peʁwaz/,/paʁɛs/,4,0.8,0.7115384615384616,6,5
984,*/pil/,/pil/,0,0.0,0.0,3,3
985,*/pəlɔt̪/,/pəlɔt̪/,0,0.0,0.0,5,5
986,*/pi/,/pi/,0,0.0,0.0,2,2
987,*/pwa/,/pwa/,0,0.0,0.0,3,3
988,*/pwat̪ɑ̃/,/pwat̪je/,2,0.3333333333333333,0.6346153846153846,5,6
989,*/pwat̪u/,/pwat̪u/,0,0.0,0.0,5,5
990,*/pwat̪ʁin̪/,/pwat̪ʁin̪/,0,0.0,0.0,7,7
991,*/pɛ̃sɔ̃/,/pɛ̃sɔ̃/,0,0.0,0.0,4,4
992,*/pɛ̃t̪ʁ/,/pɛ̃t̪ʁ/,0,0.0,0.0,4,4
993,*/pan̪/,/pan̪/,0,0.0,0.0,3,3
994,*/pɛ̃/,/pɛ̃/,0,0.0,0.0,2,2
995,*/pwavʁ/,/pwavʁ/,0,0.0,0.0,5,5
996,*/piʃɔ̃/,/piʒɔ̃/,1,0.25,0.038461538461538464,4,4
997,*/pwaʁ/,/pwaʁ/,0,0.0,0.0,4,4
998,*/peʃœʁ/,/pɛʃœʁ/,1,0.2,0.038461538461538464,5,5
999,*/pwasɔ̃/,/pwasɔ̃/,0,0.0,0.0,5,5
1000,*/pet̪ʁɛ̃/,/pet̪ʁɛ̃/,0,0.0,0.0,5,5
1001,*/pwa/,/pwa/,0,0.0,0.0,3,3
1002,*/pət̪i/,/pət̪i/,0,0.0,0.0,4,4
1003,*/pø/,/pjø/,1,0.3333333333333333,0.5384615384615384,2,3
1004,*/plɛ/,/plɛ/,0,0.0,0.0,3,3
1005,*/pleziʁ/,/pleziʁ/,0,0.0,0.0,6,6
1006,*/plɛ/,/plɛ/,0,0.0,0.0,3,3
1007,*/pled̪e/,/plɛd̪e/,1,0.2,0.038461538461538464,5,5
1008,*/plɛ̃/,/plɛ̃/,0,0.0,0.0,3,3
1009,*/plɛ̃d̪ʁ/,/plɛ̃d̪ʁ/,0,0.0,0.0,5,5
1010,*/plɑ̃t̪/,/plɑ̃t̪/,0,0.0,0.0,4,4
1011,*/plɑ̃t̪ɛ̃/,/plɑ̃t̪ɛ̃/,0,0.0,0.0,5,5
1012,*/plɑ̃sɔ̃/,/plɑ̃sɔ̃/,0,0.0,0.0,5,5
1013,*/plat̪/,/plat̪/,0,0.0,0.0,4,4
1014,*/plat̪/,/plat̪/,0,0.0,0.0,4,4
1015,*/pla/,/pla/,0,0.0,0.0,3,3
1016,*/pla/,/pla/,0,0.0,0.0,3,3
1017,*/plas/,/plas/,0,0.0,0.0,4,4
1018,*/plɛʒ/,/plɛʒ/,0,0.0,0.0,4,4
1019,*/plɛn̪/,/plɛn̪/,0,0.0,0.0,4,4
1020,*/plen̪jɛʁ/,/plen̪jɛʁ/,0,0.0,0.0,7,7
1021,*/plen̪je/,/plen̪je/,0,0.0,0.0,6,6
1022,*/plɛ̃/,/plɛ̃/,0,0.0,0.0,3,3
1023,*/plwa/,/plwa/,0,0.0,0.0,4,4
1024,*/plɥi/,/plɥi/,0,0.0,0.0,4,4
1025,*/plym/,/plym/,0,0.0,0.0,4,4
1026,*/plɔ̃ʒe/,/plɔ̃ʒe/,0,0.0,0.0,5,5
1027,*/plɔ̃ʒɔ̃/,/plɔ̃ʒɔ̃/,0,0.0,0.0,5,5
1028,*/plɔ̃/,/plɔ̃/,0,0.0,0.0,3,3
1029,*/ply/,/ply/,0,0.0,0.0,3,3
1030,*/plɥizuʁ/,/plyzjœʁ/,4,0.5714285714285714,0.9230769230769231,7,7
1031,*/pɥi/,/pɥi/,0,0.0,0.0,3,3
1032,*/pɛn̪/,/pɛn̪/,0,0.0,0.0,3,3
1033,*/pus/,/pus/,0,0.0,0.0,3,3
1034,*/pɔm/,/pɔm/,0,0.0,0.0,3,3
1035,*/pɔ̃d̪ʁ/,/pɔ̃d̪ʁ/,0,0.0,0.0,4,4
1036,*/pɔ̃/,/pɔ̃/,0,0.0,0.0,2,2
1037,*/pɔʁ/,/pɔʁ/,0,0.0,0.0,3,3
1038,*/pɔʁ/,/pɔʁ/,0,0.0,0.0,3,3
1039,*/pɔʁt̪/,/pɔʁt̪/,0,0.0,0.0,4,4
1040,*/pɔʁt̪e/,/pɔʁt̪e/,0,0.0,0.0,5,5
1041,*/pɔʁt̪/,/pɔʁt̪/,0,0.0,0.0,4,4
1042,*/pɔʁt̪œʁ/,/pɔʁt̪œʁ/,0,0.0,0.0,6,6
1043,*/pɔʁʃ/,/pɔʁʃ/,0,0.0,0.0,4,4
1044,*/pot̪o/,/pot̪o/,0,0.0,0.0,4,4
1045,*/pwazɔ̃/,/pwazɔ̃/,0,0.0,0.0,5,5
1046,*/pɥi/,/pɥi/,0,0.0,0.0,3,3
1047,*/pø/,/pø/,0,0.0,0.0,2,2
1048,*/pʁɛ/,/pʁe/,1,0.3333333333333333,0.038461538461538464,3,3
1049,*/pʁɛʒe/,/pʁɛʃe/,1,0.2,0.038461538461538464,5,5
1050,*/pʁɛʒœʁ/,/pʁɛʃœʁ/,1,0.16666666666666666,0.038461538461538464,6,6
1051,*/pʁəvo/,/pʁevo/,1,0.2,0.057692307692307696,5,5
1052,*/pʁɛt̪/,/pʁɛt̪/,0,0.0,0.0,4,4
1053,*/pʁɛt̪e/,/pʁɛt̪e/,0,0.0,0.0,5,5
1054,*/pʁɛ/,/pʁɛ/,0,0.0,0.0,3,3
1055,*/pʁe/,/pʁe/,0,0.0,0.0,3,3
1056,*/pʁɑ̃d̪ʁ/,/pʁɑ̃d̪ʁ/,0,0.0,0.0,5,5
1057,*/pʁizɔ̃/,/pʁizɔ̃/,0,0.0,0.0,5,5
1058,*/pʁɛt̪ʁ/,/pʁɛt̪ʁ/,0,0.0,0.0,5,5
1059,*/pʁɛs/,/pʁɛs/,0,0.0,0.0,4,4
1060,*/pʁɛ/,/pʁɛ/,0,0.0,0.0,3,3
1061,*/pʁɛse/,/pʁɛse/,0,0.0,0.0,5,5
1062,*/pʁize/,/pʁize/,0,0.0,0.0,5,5
1063,*/pʁi/,/pʁi/,0,0.0,0.0,3,3
1064,*/pʁim/,/pʁim/,0,0.0,0.0,4,4
1065,*/pʁəmjɛʁ/,/pʁəmjɛʁ/,0,0.0,0.0,7,7
1066,*/pʁəmje/,/pʁəmje/,0,0.0,0.0,6,6
1067,*/pʁive/,/pʁive/,0,0.0,0.0,5,5
1068,*/pʁø/,/pʁu/,1,0.3333333333333333,0.11538461538461539,3,3
1069,*/pʁø/,/pʁø/,0,0.0,0.0,3,3
1070,*/pʁɔʃɛ̃/,/pʁɔʃɛ̃/,0,0.0,0.0,5,5
1071,*/pʁon̪/,/pʁon̪/,0,0.0,0.0,4,4
1072,*/pʁyn̪/,/pʁyn̪/,0,0.0,0.0,4,4
1073,*/pwɛ̃/,/pwɛ̃/,0,0.0,0.0,3,3
1074,*/pwɛ̃/,/pwɛ̃/,0,0.0,0.0,3,3
1075,*/puj/,/puj/,0,0.0,0.0,3,3
1076,*/pys/,/pys/,0,0.0,0.0,3,3
1077,*/pysɛl/,/pysɛl/,0,0.0,0.0,5,5
1078,*/pul/,/pul/,0,0.0,0.0,3,3
1079,*/pulɛ̃/,/pulɛ̃/,0,0.0,0.0,4,4
1080,*/pusɛ̃/,/pusɛ̃/,0,0.0,0.0,4,4
1081,*/pɔmɔ̃/,/pumɔ̃/,1,0.25,0.07692307692307693,4,4
1082,*/puse/,/puse/,0,0.0,0.0,4,4
1083,*/pud̪ʁ/,/pud̪ʁ/,0,0.0,0.0,4,4
1084,*/pœ̃s/,/pɔ̃s/,1,0.3333333333333333,0.07692307692307693,3,3
1085,*/pwɛ̃d̪ʁ/,/pwɛ̃d̪ʁ/,0,0.0,0.0,5,5
1086,*/pwɛ̃t̪/,/pwɛ̃t̪/,0,0.0,0.0,4,4
1087,*/pwɛ̃sɔ̃/,/pwɛ̃sɔ̃/,0,0.0,0.0,5,5
1088,*/pwɛ̃/,/pwɛ̃/,0,0.0,0.0,3,3
1089,*/pwɛ̃t̪yʁ/,/pwɛ̃t̪yʁ/,0,0.0,0.0,6,6
1090,*/pyʁ/,/pyʁ/,0,0.0,0.0,3,3
1091,*/pyʁʒe/,/pyʁʒe/,0,0.0,0.0,5,5
1092,*/pyʁ/,/pyʁ/,0,0.0,0.0,3,3
1093,*/puʁpʁ/,/puʁpʁ/,0,0.0,0.0,5,5
1094,*/pupe/,/pupe/,0,0.0,0.0,4,4
1095,*/po/,/po/,0,0.0,0.0,2,2
1096,*/ʁaʒ/,/ʁaʒ/,0,0.0,0.0,3,3
1097,*/ʁasin̪/,/ʁasin̪/,0,0.0,0.0,5,5
1098,*/ʁɛ/,/ʁɛ/,0,0.0,0.0,2,2
1099,*/ʁɛzɛ̃/,/ʁɛzɛ̃/,0,0.0,0.0,4,4
1100,*/ʁamo/,/ʁamo/,0,0.0,0.0,4,4
1101,*/ʁɛn̪/,/ʁɛn̪/,0,0.0,0.0,3,3
1102,*/ʁɑ̃kœʁ/,/ʁɑ̃kœʁ/,0,0.0,0.0,5,5
1103,*/ʁad̪/,/ʁad̪/,0,0.0,0.0,3,3
1104,*/ʁɑle/,/ʁɑle/,0,0.0,0.0,4,4
1105,*/ʁɑt̪o/,/ʁɑt̪o/,0,0.0,0.0,4,4
1106,*/ʁɛzɔ̃/,/ʁɛzɔ̃/,0,0.0,0.0,4,4
1107,*/ʁe/,/ʁe/,0,0.0,0.0,2,2
1108,*/ʁɑ̃sɔ̃/,/ʁɑ̃sɔ̃/,0,0.0,0.0,4,4
1109,*/ʁwajal/,/ʁwajal/,0,0.0,0.0,6,6
1110,*/ʁwajo/,/ʁwajo/,0,0.0,0.0,5,5
1111,*/ʁwa/,/ʁwa/,0,0.0,0.0,3,3
1112,*/ʁjɛ̃/,/ʁjɛ̃/,0,0.0,0.0,3,3
1113,*/ʁɑ̃t̪/,/ʁɑ̃t̪/,0,0.0,0.0,3,3
1114,*/ʁɛ̃/,/ʁɛ̃/,0,0.0,0.0,2,2
1115,*/ʁwa/,/ʁɛ/,2,1.0,0.6346153846153846,3,2
1116,*/ʁɛn̪/,/ʁɛn̪/,0,0.0,0.0,3,3
1117,*/ʁɔ̃d̪/,/ʁɔ̃d̪/,0,0.0,0.0,3,3
1118,*/ʁɔ̃/,/ʁɔ̃/,0,0.0,0.0,2,2
1119,*/ʁiʁ/,/ʁiʁ/,0,0.0,0.0,3,3
1120,*/ʁwa/,/ʁɛ/,2,1.0,0.6346153846153846,3,2
1121,*/ʁɛd̪/,/ʁɛd̪/,0,0.0,0.0,3,3
1122,*/ʁiv/,/ʁiv/,0,0.0,0.0,3,3
1123,*/ʁivjɛʁ/,/ʁivjɛʁ/,0,0.0,0.0,6,6
1124,*/ʁi/,/ʁi/,0,0.0,0.0,2,2
1125,*/ʁuj/,/ʁuj/,0,0.0,0.0,3,3
1126,*/ʁɔʃ/,/ʁoʃ/,1,0.3333333333333333,0.038461538461538464,3,3
1127,*/ʁon̪/,/ʁon̪/,0,0.0,0.0,3,3
1128,*/ʁuʒ/,/ʁuʒ/,0,0.0,0.0,3,3
1129,*/ʁy/,/ʁy/,0,0.0,0.0,2,2
1130,*/ʁɔ̃s/,/ʁɔ̃s/,0,0.0,0.0,3,3
1131,*/ʁymœʁ/,/ʁymœʁ/,0,0.0,0.0,5,5
1132,*/ʁɔ̃pʁ/,/ʁɔ̃pʁ/,0,0.0,0.0,4,4
1133,*/ʁut̪/,/ʁut̪/,0,0.0,0.0,3,3
1134,*/ʁo/,/ʁo/,0,0.0,0.0,2,2
1135,*/ʁyʃ/,/ʁyʃ/,0,0.0,0.0,3,3
1136,*/ʁɥiso/,/ʁɥiso/,0,0.0,0.0,5,5
1137,*/ʁus/,/ʁus/,0,0.0,0.0,3,3
1138,*/ʁu/,/ʁu/,0,0.0,0.0,2,2
1139,*/ʁuabl/,/ʁɑbl/,2,0.5,0.6346153846153846,5,4
1140,*/ʁy/,/ʁy/,0,0.0,0.0,2,2
1141,*/ʁɥeʁ/,/ʁɥe/,1,0.3333333333333333,0.5769230769230769,4,3
1142,*/saviɲi/,/saviɲi/,0,0.0,0.0,6,6
1143,*/sabl/,/sabl/,0,0.0,0.0,4,4
1144,*/sɔm/,/sɔm/,0,0.0,0.0,3,3
1145,*/sɔmje/,/sɔmje/,0,0.0,0.0,5,5
1146,*/sak/,/sak/,0,0.0,0.0,3,3
1147,*/sɛʁmɑ̃/,/sɛʁmɑ̃/,0,0.0,0.0,5,5
1148,*/sɛl/,/sɛl/,0,0.0,0.0,3,3
1149,*/son̪je/,/son̪je/,0,0.0,0.0,5,5
1150,*/somɑt̪ʁ/,/somɑt̪ʁ/,0,0.0,0.0,6,6
1151,*/somɔ̃/,/somɔ̃/,0,0.0,0.0,4,4
1152,*/sos/,/sos/,0,0.0,0.0,3,3
1153,*/sosis/,/sosis/,0,0.0,0.0,5,5
1154,*/sot̪e/,/sot̪e/,0,0.0,0.0,4,4
1155,*/sot̪je/,/sot̪je/,0,0.0,0.0,5,5
1156,*/saly/,/saly/,0,0.0,0.0,4,4
1157,*/sov/,/sov/,0,0.0,0.0,3,3
1158,*/sovaʒ/,/sovaʒ/,0,0.0,0.0,5,5
1159,*/sovœʁ/,/sovœʁ/,0,0.0,0.0,5,5
1160,*/soʒ/,/soʒ/,0,0.0,0.0,3,3
1161,*/sof/,/sof/,0,0.0,0.0,3,3
1162,*/sɛn̪/,/sɛn̪/,0,0.0,0.0,3,3
1163,*/sɑ̃t̪e/,/sɑ̃t̪e/,0,0.0,0.0,4,4
1164,*/sɑ̃ɡ/,/sɑ̃/,1,0.5,0.5769230769230769,3,2
1165,*/sɑ̃sy/,/sɑ̃sy/,0,0.0,0.0,4,4
1166,*/sɛ̃t̪e/,/sɛ̃t̪ət̪e/,2,0.3333333333333333,1.4423076923076923,4,6
1167,*/sɛ̃/,/sɛ̃/,0,0.0,0.0,2,2
1168,*/sɛ̃/,/sɛ̃/,0,0.0,0.0,2,2
1169,*/sɛv/,/sɛv/,0,0.0,0.0,3,3
1170,*/savwa/,/savwa/,0,0.0,0.0,5,5
1171,*/savwaʁ/,/savwaʁ/,0,0.0,0.0,6,6
1172,*/saʃ/,/saʃ/,0,0.0,0.0,3,3
1173,*/sad̪/,/sad̪/,0,0.0,0.0,3,3
1174,*/savɑ̃/,/savɑ̃/,0,0.0,0.0,4,4
1175,*/savɔ̃/,/savɔ̃/,0,0.0,0.0,4,4
1176,*/savœʁ/,/savœʁ/,0,0.0,0.0,5,5
1177,*/sapɛ̃/,/sapɛ̃/,0,0.0,0.0,4,4
1178,*/saʁmɑ̃/,/saʁmɑ̃/,0,0.0,0.0,5,5
1179,*/sɛzɔ̃/,/sɛzɔ̃/,0,0.0,0.0,4,4
1180,*/su/,/su/,0,0.0,0.0,2,2
1181,*/son̪/,/son̪/,0,0.0,0.0,3,3
1182,*/swa/,/swa/,0,0.0,0.0,3,3
1183,*/swaʁ/,/swaʁ/,0,0.0,0.0,4,4
1184,*/sjɛʒ/,/sjɛʒ/,0,0.0,0.0,4,4
1185,*/sis/,/sis/,0,0.0,0.0,3,3
1186,*/swasɑ̃t̪/,/swasɑ̃t̪/,0,0.0,0.0,6,6
1187,*/syʁ/,/syʁ/,0,0.0,0.0,3,3
1188,*/syʁ/,/syʁ/,0,0.0,0.0,3,3
1189,*/sɥivʁ/,/sɥivʁ/,0,0.0,0.0,5,5
1190,*/sɥi/,/sɥi/,0,0.0,0.0,3,3
1191,*/si/,/sɥi/,1,0.3333333333333333,0.5769230769230769,2,3
1192,*/sɛl/,/sɛl/,0,0.0,0.0,3,3
1193,*/siʁ/,/siʁ/,0,0.0,0.0,3,3
1194,*/sɑ̃t̪/,/sɑ̃t̪/,0,0.0,0.0,3,3
1195,*/sɛɲœʁ/,/sɛɲœʁ/,0,0.0,0.0,5,5
1196,*/swa/,/sɑ̃s/,2,0.6666666666666666,0.6923076923076923,3,3
1197,*/sɑ̃t̪iʁ/,/sɑ̃t̪iʁ/,0,0.0,0.0,5,5
1198,*/swaf/,/swaf/,0,0.0,0.0,4,4
1199,*/sɛ/,/sɛt̪/,1,0.3333333333333333,0.6153846153846154,2,3
1200,*/səmɛn̪/,/səmɛn̪/,0,0.0,0.0,5,5
1201,*/sɛʁʒ/,/sɛʁʒ/,0,0.0,0.0,4,4
1202,*/swaʁ/,/swaʁ/,0,0.0,0.0,4,4
1203,*/sɛʁpɑ̃/,/sɛʁpɑ̃/,0,0.0,0.0,5,5
1204,*/sɛʁv/,/sɛʁv/,0,0.0,0.0,4,4
1205,*/sɛʁviʁ/,/sɛʁviʁ/,0,0.0,0.0,6,6
1206,*/sɛʁ/,/sɛʁ/,0,0.0,0.0,3,3
1207,*/sɛʁ/,/sɛʁ/,0,0.0,0.0,3,3
1208,*/sɛʁf/,/sɛʁ/,1,0.3333333333333333,0.4423076923076923,4,3
1209,*/sɛ/,/swa/,2,0.6666666666666666,0.8076923076923077,2,3
1210,*/si/,/si/,0,0.0,0.0,2,2
1211,*/so/,/so/,0,0.0,0.0,2,2
1212,*/so/,/so/,0,0.0,0.0,2,2
1213,*/sɛ̃/,/sɛ̃/,0,0.0,0.0,2,2
1214,*/si/,/si/,0,0.0,0.0,2,2
1215,*/sɛʃ/,/sɛʃ/,0,0.0,0.0,3,3
1216,*/sɛk/,/sɛk/,0,0.0,0.0,3,3
1217,*/sɑ̃ble/,/sɑ̃ble/,0,0.0,0.0,5,5
1218,*/sɛ̃ʒ/,/sɛ̃ʒ/,0,0.0,0.0,3,3
1219,*/sɑ̃/,/sɑ̃/,0,0.0,0.0,2,2
1220,*/sɑ̃ɡlo/,/sɑ̃ɡlo/,0,0.0,0.0,5,5
1221,*/sɑ̃ɡle/,/sɑ̃ɡlie/,1,0.16666666666666666,0.34615384615384615,5,6
1222,*/sɛ̃/,/sɛ̃/,0,0.0,0.0,2,2
1223,*/so/,/so/,0,0.0,0.0,2,2
1224,*/wasɑ̃t̪ɛl/,/et̪ɛ̃sɛl/,5,0.8333333333333334,1.1538461538461537,7,6
1225,*/ekɔʁs/,/ekɔʁs/,0,0.0,0.0,5,5
1226,*/ekɥije/,/ekɥije/,0,0.0,0.0,6,6
1227,*/ekɥɛl/,/ekɥɛl/,0,0.0,0.0,5,5
1228,*/sud̪e/,/sud̪e/,0,0.0,0.0,4,4
1229,*/sɔlɛj/,/sɔlɛj/,0,0.0,0.0,5,5
1230,*/sut̪je/,/sulje/,1,0.2,0.21153846153846154,5,5
1231,*/sɔlwa/,/sɔlwa/,0,0.0,0.0,5,5
1232,*/sœl/,/sœl/,0,0.0,0.0,3,3
1233,*/sɔ̃ʒ/,/sɔ̃ʒ/,0,0.0,0.0,3,3
1234,*/sɔ̃/,/sɔ̃/,0,0.0,0.0,2,2
1235,*/suʁi/,/suʁi/,0,0.0,0.0,4,4
1236,*/sœʁ/,/sœʁ/,0,0.0,0.0,3,3
1237,*/sɔʁ/,/sɔʁ/,0,0.0,0.0,3,3
1238,*/sɔʁse/,/sɔʁsje/,1,0.16666666666666666,0.46153846153846156,5,6
1239,*/so/,/so/,0,0.0,0.0,2,2
1240,*/epe/,/epe/,0,0.0,0.0,3,3
1241,*/epi/,/epi/,0,0.0,0.0,3,3
1242,*/epin̪/,/epin̪/,0,0.0,0.0,4,4
1243,*/epɛ̃ɡl/,/epɛ̃ɡl/,0,0.0,0.0,5,5
1244,*/epuz/,/epuz/,0,0.0,0.0,4,4
1245,*/epu/,/epu/,0,0.0,0.0,3,3
1246,*/epɛs/,/epɛs/,0,0.0,0.0,4,4
1247,*/epɛ/,/epɛ/,0,0.0,0.0,3,3
1248,*/et̪ɛ̃/,/et̪ɛ̃/,0,0.0,0.0,3,3
1249,*/et̪ɛ̃/,/et̪ɛ̃/,0,0.0,0.0,3,3
1250,*/et̪wal/,/et̪wal/,0,0.0,0.0,5,5
1251,*/et̪ʁɑ̃ɡle/,/et̪ʁɑ̃ɡle/,0,0.0,0.0,7,7
1252,*/et̪ʁɛn̪/,/et̪ʁɛn̪/,0,0.0,0.0,5,5
1253,*/et̪ʁwat̪/,/et̪ʁwat̪/,0,0.0,0.0,6,6
1254,*/et̪ʁwa/,/et̪ʁwa/,0,0.0,0.0,5,5
1255,*/et̪uʁn̪o/,/et̪uʁn̪o/,0,0.0,0.0,6,6
1256,*/sø/,/sø/,0,0.0,0.0,2,2
1257,*/sa/,/sa/,0,0.0,0.0,2,2
1258,*/se/,/se/,0,0.0,0.0,2,2
1259,*/səʒuʁ/,/seʒuʁ/,1,0.2,0.057692307692307696,5,5
1260,*/sud̪ɛ̃/,/sud̪ɛ̃/,0,0.0,0.0,4,4
1261,*/sublɔ̃/,/səlɔ̃/,2,0.5,0.7884615384615384,5,4
1262,*/sɔmɔ̃d̪ʁ/,/səmɔ̃d̪ʁ/,1,0.16666666666666666,0.1346153846153846,6,6
1263,*/sɔmute/,/səmute/,1,0.16666666666666666,0.1346153846153846,6,6
1264,*/sɥeʁ/,/sɥe/,1,0.3333333333333333,0.5769230769230769,4,3
1265,*/sɥjeʁ/,/sɥɛʁ/,2,0.5,0.23076923076923078,5,4
1266,*/sɥi/,/sɥi/,0,0.0,0.0,3,3
1267,*/sɥœʁ/,/sɥœʁ/,0,0.0,0.0,4,4
1268,*/swasɔ̃/,/swasɔ̃/,0,0.0,0.0,5,5
1269,*/sɔk/,/sɔk/,0,0.0,0.0,3,3
1270,*/syse/,/syse/,0,0.0,0.0,4,4
1271,*/sɔm/,/sɔm/,0,0.0,0.0,3,3
1272,*/sɔmje/,/sɔmje/,0,0.0,0.0,5,5
1273,*/sɔ̃/,/sɔ̃/,0,0.0,0.0,2,2
1274,*/suvʁɛ̃/,/suvʁɛ̃/,0,0.0,0.0,5,5
1275,*/sɔʁsi/,/suʁsi/,1,0.2,0.07692307692307693,5,5
1276,*/sup/,/sup/,0,0.0,0.0,3,3
1277,*/suʁd̪/,/suʁd̪/,0,0.0,0.0,4,4
1278,*/suʁ/,/suʁ/,0,0.0,0.0,3,3
1279,*/sy/,/sy/,0,0.0,0.0,2,2
1280,*/supəsɔ̃/,/supsɔ̃/,1,0.2,0.6538461538461539,6,5
1281,*/sɔ̃/,/sɔ̃/,0,0.0,0.0,2,2
1282,*/fʁɔɲ/,/fʁɔɲ/,0,0.0,0.0,4,4
1283,*/suʃ/,/suʃ/,0,0.0,0.0,3,3
1284,*/t̪avɛʁn̪/,/t̪avɛʁn̪/,0,0.0,0.0,6,6
1285,*/t̪ɑ̃/,/t̪ɑ̃/,0,0.0,0.0,2,2
1286,*/t̪abl/,/t̪abl/,0,0.0,0.0,4,4
1287,*/t̪aʃ/,/t̪aʃ/,0,0.0,0.0,3,3
1288,*/t̪akɔ̃/,/t̪akɔ̃/,0,0.0,0.0,4,4
1289,*/t̪ɛn̪jɛʁ/,/t̪an̪jɛʁ/,1,0.16666666666666666,0.07692307692307693,6,6
1290,*/t̪ɛsɔ̃/,/t̪ɛsɔ̃/,0,0.0,0.0,4,4
1291,*/t̪y/,/t̪y/,0,0.0,0.0,2,2
1292,*/t̪ɛl/,/t̪ɛl/,0,0.0,0.0,3,3
1293,*/t̪o/,/t̪jø/,2,0.6666666666666666,0.6346153846153846,2,3
1294,*/t̪aje/,/t̪aje/,0,0.0,0.0,4,4
1295,*/t̪alɔ̃/,/t̪alɔ̃/,0,0.0,0.0,4,4
1296,*/t̪op/,/t̪op/,0,0.0,0.0,3,3
1297,*/t̪aly/,/t̪aly/,0,0.0,0.0,4,4
1298,*/t̪ami/,/t̪ami/,0,0.0,0.0,4,4
1299,*/t̪ɑ̃/,/t̪ɑ̃/,0,0.0,0.0,2,2
1300,*/t̪ɑ̃/,/t̪ɑ̃/,0,0.0,0.0,2,2
1301,*/t̪aʁd̪/,/t̪aʁd̪/,0,0.0,0.0,4,4
1302,*/t̪aʁ/,/t̪aʁ/,0,0.0,0.0,3,3
1303,*/t̪wa/,/t̪wa/,0,0.0,0.0,3,3
1304,*/t̪wa/,/t̪ɛ/,2,1.0,0.8269230769230769,3,2
1305,*/t̪wa/,/t̪wa/,0,0.0,0.0,3,3
1306,*/t̪wal/,/t̪wal/,0,0.0,0.0,4,4
1307,*/t̪ɑ̃pɛt̪/,/t̪ɑ̃pɛt̪/,0,0.0,0.0,5,5
1308,*/t̪ɑ̃/,/t̪ɑ̃/,0,0.0,0.0,2,2
1309,*/t̪ən̪ɑj/,/t̪ən̪ɑj/,0,0.0,0.0,5,5
1310,*/t̪ɑ̃d̪ʁ/,/t̪ɑ̃d̪ʁ/,0,0.0,0.0,4,4
1311,*/t̪jɛɲ/,/t̪jɛn̪/,1,0.25,0.17307692307692307,4,4
1312,*/t̪jɛn̪/,/t̪jɛn̪/,0,0.0,0.0,4,4
1313,*/t̪jɛ̃/,/t̪jɛ̃/,0,0.0,0.0,3,3
1314,*/t̪ɑ̃d̪ʁ/,/t̪ɑ̃d̪ʁ/,0,0.0,0.0,4,4
1315,*/t̪jɛ̃/,/t̪jɛ̃/,0,0.0,0.0,3,3
1316,*/t̪ən̪iʁ/,/t̪ən̪iʁ/,0,0.0,0.0,5,5
1317,*/t̪waz/,/t̪waz/,0,0.0,0.0,4,4
1318,*/t̪ɑ̃se/,/t̪ɑ̃se/,0,0.0,0.0,4,4
1319,*/t̪jɛd̪/,/t̪jɛd̪/,0,0.0,0.0,4,4
1320,*/t̪eʁɛ̃/,/t̪əʁɛ̃/,1,0.25,0.057692307692307696,4,4
1321,*/t̪ɛʁ/,/t̪ɛʁ/,0,0.0,0.0,3,3
1322,*/t̪jɛʁs/,/t̪jɛʁs/,0,0.0,0.0,5,5
1323,*/t̪jɛʁ/,/t̪jɛʁ/,0,0.0,0.0,4,4
1324,*/t̪ɛmwɛ̃/,/t̪emwɛ̃/,1,0.2,0.038461538461538464,5,5
1325,*/t̪ɛt̪/,/t̪ɛt̪/,0,0.0,0.0,3,3
1326,*/t̪ɛ/,/t̪ɛ/,0,0.0,0.0,2,2
1327,*/t̪iʒ/,/t̪iʒ/,0,0.0,0.0,3,3
1328,*/t̪imɔ̃/,/t̪imɔ̃/,0,0.0,0.0,4,4
1329,*/t̪ɑ̃ʃ/,/t̪ɑ̃ʃ/,0,0.0,0.0,3,3
1330,*/t̪izɔ̃/,/t̪izɔ̃/,0,0.0,0.0,4,4
1331,*/t̪wazɔ̃/,/t̪wazɔ̃/,0,0.0,0.0,5,5
1332,*/t̪ɔn̪ɛʁ/,/t̪ɔn̪ɛʁ/,0,0.0,0.0,5,5
1333,*/t̪ɔʁʃ/,/t̪ɔʁʃ/,0,0.0,0.0,4,4
1334,*/t̪uʁmɑ̃t̪/,/t̪uʁmɑ̃t̪/,0,0.0,0.0,6,6
1335,*/t̪uʁmɑ̃/,/t̪uʁmɑ̃/,0,0.0,0.0,5,5
1336,*/t̪uʁn̪e/,/t̪uʁn̪e/,0,0.0,0.0,5,5
1337,*/t̪uʁn̪yʁ/,/t̪uʁn̪yʁ/,0,0.0,0.0,6,6
1338,*/t̪ɔʁ/,/t̪ɔʁ/,0,0.0,0.0,3,3
1339,*/t̪ɔʁt̪i/,/t̪ɔʁt̪i/,0,0.0,0.0,5,5
1340,*/t̪ɔʁ/,/t̪ɔʁ/,0,0.0,0.0,3,3
1341,*/t̪ɔʁt̪yʁ/,/t̪ɔʁt̪yʁ/,0,0.0,0.0,6,6
1342,*/t̪o/,/t̪o/,0,0.0,0.0,2,2
1343,*/t̪ut̪/,/t̪ut̪/,0,0.0,0.0,3,3
1344,*/t̪ut̪/,/t̪ut̪/,0,0.0,0.0,3,3
1345,*/t̪u/,/t̪us/,1,0.3333333333333333,0.7692307692307693,2,3
1346,*/t̪o/,/t̪u/,1,0.5,0.038461538461538464,2,2
1347,*/t̪ʁat̪ʁ/,/t̪ʁɛt̪ʁ/,1,0.2,0.07692307692307693,5,5
1348,*/t̪ʁɛʁ/,/t̪ʁɛʁ/,0,0.0,0.0,4,4
1349,*/t̪ʁɛt̪e/,/t̪ʁɛt̪e/,0,0.0,0.0,5,5
1350,*/t̪ʁɛ/,/t̪ʁɛ/,0,0.0,0.0,3,3
1351,*/t̪ʁe/,/t̪ʁɛ/,1,0.3333333333333333,0.038461538461538464,3,3
1352,*/t̪ʁu/,/t̪ʁu/,0,0.0,0.0,3,3
1353,*/t̪ʁɑ̃ble/,/t̪ʁɑ̃ble/,0,0.0,0.0,6,6
1354,*/t̪ʁɑ̃bl/,/t̪ʁɑ̃bl/,0,0.0,0.0,5,5
1355,*/t̪ʁwa/,/t̪ʁwa/,0,0.0,0.0,4,4
1356,*/t̪ʁɛfl/,/t̪ʁɛfl/,0,0.0,0.0,5,5
1357,*/t̪ʁɑ̃t̪/,/t̪ʁɑ̃t̪/,0,0.0,0.0,4,4
1358,*/t̪ʁwas/,/t̪ʁwa/,1,0.25,0.6923076923076923,5,4
1359,*/t̪ʁɛj/,/t̪ʁɛj/,0,0.0,0.0,4,4
1360,*/t̪ʁəmɥi/,/t̪ʁemi/,2,0.4,0.46153846153846156,6,5
1361,*/t̪ʁɑ̃ʃe/,/t̪ʁɑ̃ʃe/,0,0.0,0.0,5,5
1362,*/t̪ʁɥi/,/t̪ʁɥi/,0,0.0,0.0,4,4
1363,*/t̪ʁɥit̪/,/t̪ʁɥit̪/,0,0.0,0.0,5,5
1364,*/t̪ʁuve/,/t̪ʁuve/,0,0.0,0.0,5,5
1365,*/t̪ʁuvœʁ/,/t̪ʁuvœʁ/,0,0.0,0.0,6,6
1366,*/t̪ʁyɑ̃/,/t̪ʁyɑ̃/,0,0.0,0.0,4,4
1367,*/t̪ʁɔɲ/,/t̪ʁɔɲ/,0,0.0,0.0,4,4
1368,*/t̪ʁɔ̃/,/t̪ʁɔ̃/,0,0.0,0.0,3,3
1369,*/t̪y/,/t̪y/,0,0.0,0.0,2,2
1370,*/t̪a/,/t̪a/,0,0.0,0.0,2,2
1371,*/t̪e/,/t̪e/,0,0.0,0.0,2,2
1372,*/t̪uʁble/,/t̪ʁuble/,2,0.3333333333333333,0.6538461538461539,6,6
1373,*/t̪ɔn̪/,/t̪ɔn̪/,0,0.0,0.0,3,3
1374,*/t̪uʁ/,/t̪uʁ/,0,0.0,0.0,3,3
1375,*/t̪uʁt̪/,/t̪uʁt̪/,0,0.0,0.0,4,4
1376,*/t̪uʁt̪ʁɛl/,/t̪uʁt̪əʁɛl/,1,0.125,0.5769230769230769,7,8
1377,*/t̪u/,/t̪u/,0,0.0,0.0,2,2
1378,*/t̪ɔ̃/,/t̪ɔ̃/,0,0.0,0.0,2,2
1379,*/t̪jø/,/t̪jɛ̃/,1,0.3333333333333333,0.15384615384615385,3,3
1380,*/u/,/u/,0,0.0,0.0,1,1
1381,*/ɔ̃bʁ/,/ɔ̃bʁ/,0,0.0,0.0,3,3
1382,*/ɔ̃k/,/ɔ̃k/,0,0.0,0.0,2,2
1383,*/yn̪/,/yn̪/,0,0.0,0.0,2,2
1384,*/ɔ̃d̪/,/ɔ̃d̪/,0,0.0,0.0,2,2
1385,*/ɔ̃z/,/ɔ̃z/,0,0.0,0.0,2,2
1386,*/ɔɲɔ̃/,/ɔɲɔ̃/,0,0.0,0.0,3,3
1387,*/yn̪iʁ/,/yniʁ/,1,0.25,0.038461538461538464,4,4
1388,*/ɔ̃ɡl/,/ɔ̃ɡl/,0,0.0,0.0,3,3
1389,*/ɔ̃s/,/ɔ̃s/,0,0.0,0.0,2,2
1390,*/œ̃/,/œ̃/,0,0.0,0.0,1,1
1391,*/uʁs/,/uʁs/,0,0.0,0.0,3,3
1392,*/yze/,/yze/,0,0.0,0.0,3,3
1393,*/ut̪ij/,/ut̪i/,1,0.3333333333333333,0.38461538461538464,4,3
1394,*/ɥi/,/ɥi/,0,0.0,0.0,2,2
1395,*/yt̪le/,/yle/,1,0.3333333333333333,0.7307692307692307,4,3
1396,*/y/,/y/,0,0.0,0.0,1,1
1397,*/yzyʁ/,/yzyʁ/,0,0.0,0.0,4,4
1398,*/valɑ̃s/,/valɑ̃s/,0,0.0,0.0,5,5
1399,*/valwaʁ/,/valwaʁ/,0,0.0,0.0,6,6
1400,*/val/,/val/,0,0.0,0.0,3,3
1401,*/vo/,/vo/,0,0.0,0.0,2,2
1402,*/valœʁ/,/valœʁ/,0,0.0,0.0,5,5
1403,*/vaʃ/,/vaʃ/,0,0.0,0.0,3,3
1404,*/vɛn̪/,/vɛn̪/,0,0.0,0.0,3,3
1405,*/vɑ̃t̪e/,/vɑ̃t̪e/,0,0.0,0.0,4,4
1406,*/van̪o/,/van̪o/,0,0.0,0.0,4,4
1407,*/vɛ̃/,/vɛ̃/,0,0.0,0.0,2,2
1408,*/vɛʁ/,/vɛʁ/,0,0.0,0.0,3,3
1409,*/vaʁan̪/,/vaʁɛn̪/,1,0.2,0.07692307692307693,5,5
1410,*/vɛsɛl/,/vɛsɛl/,0,0.0,0.0,5,5
1411,*/vɛso/,/vɛso/,0,0.0,0.0,4,4
1412,*/vɑle/,/vale/,1,0.25,0.07692307692307693,4,4
1413,*/vwazin̪/,/vwazin̪/,0,0.0,0.0,6,6
1414,*/vwazɛ̃/,/vwazɛ̃/,0,0.0,0.0,5,5
1415,*/vi/,/vi/,0,0.0,0.0,2,2
1416,*/vwat̪yʁ/,/vwat̪yʁ/,0,0.0,0.0,6,6
1417,*/vwal/,/vwal/,0,0.0,0.0,4,4
1418,*/vɔt̪ʁ/,/vot̪ʁ/,1,0.25,0.038461538461538464,4,4
1419,*/vən̪œʁ/,/vən̪œʁ/,0,0.0,0.0,5,5
1420,*/vɑ̃d̪ʁ/,/vɑ̃d̪ʁ/,0,0.0,0.0,4,4
1421,*/vɑ̃d̪ʁəd̪i/,/vɑ̃d̪ʁəd̪i/,0,0.0,0.0,7,7
1422,*/vən̪iʁ/,/vən̪iʁ/,0,0.0,0.0,5,5
1423,*/van̪/,/van̪/,0,0.0,0.0,3,3
1424,*/vɑ̃/,/vɑ̃/,0,0.0,0.0,2,2
1425,*/vwaʁ/,/vwaʁ/,0,0.0,0.0,4,4
1426,*/vʁɛ/,/vʁɛ/,0,0.0,0.0,3,3
1427,*/vʁɛ/,/vʁɛ/,0,0.0,0.0,3,3
1428,*/vɛʁbwɛ̃/,/vɛʁvɛn̪/,3,0.5,0.6730769230769231,6,6
1429,*/vɛʁɡɔɲ/,/vɛʁɡɔɲ/,0,0.0,0.0,6,6
1430,*/vɛʁmɛj/,/vɛʁmɛj/,0,0.0,0.0,6,6
1431,*/vɛʁ/,/vɛʁn̪/,1,0.25,0.6346153846153846,3,4
1432,*/veʁy/,/veʁy/,0,0.0,0.0,4,4
1433,*/vɛʁ/,/vɛʁ/,0,0.0,0.0,3,3
1434,*/vɛʁt̪əvɛl/,/vɛʁt̪əvɛl/,0,0.0,0.0,8,8
1435,*/vɛʁv/,/vɛʁv/,0,0.0,0.0,4,4
1436,*/vɛʁʒɛʁ/,/bɛʁʒe/,3,0.6,0.7115384615384616,6,5
1437,*/vɛmɑ̃/,/vɛt̪mɑ̃/,1,0.2,0.6730769230769231,4,5
1438,*/vɛt̪iʁ/,/vɛt̪iʁ/,0,0.0,0.0,5,5
1439,*/vjɛj/,/vjɛj/,0,0.0,0.0,4,4
1440,*/vjɛj/,/vjɛj/,0,0.0,0.0,4,4
1441,*/vjø/,/vjø/,0,0.0,0.0,3,3
1442,*/vjɛj/,/vjɛj/,0,0.0,0.0,4,4
1443,*/vjø/,/vjø/,0,0.0,0.0,3,3
1444,*/vwa/,/vwa/,0,0.0,0.0,3,3
1445,*/vwajaʒ/,/vwajaʒ/,0,0.0,0.0,6,6
1446,*/vwaʁ/,/vwaʁ/,0,0.0,0.0,4,4
1447,*/vuʒ/,/vuʒ/,0,0.0,0.0,3,3
1448,*/vɛv/,/vœv/,1,0.3333333333333333,0.07692307692307693,3,3
1449,*/vɛf/,/vœf/,1,0.3333333333333333,0.07692307692307693,3,3
1450,*/vɛje/,/vɛje/,0,0.0,0.0,4,4
1451,*/vɛj/,/vɛj/,0,0.0,0.0,3,3
1452,*/vjɛ̃/,/vɛ̃/,1,0.5,0.4807692307692308,3,2
1453,*/vwaje/,/vwaje/,0,0.0,0.0,5,5
1454,*/vil/,/vil/,0,0.0,0.0,3,3
1455,*/vil/,/vil/,0,0.0,0.0,3,3
1456,*/vilɛn̪/,/vilɛn̪/,0,0.0,0.0,5,5
1457,*/vilɛ̃/,/vilɛ̃/,0,0.0,0.0,4,4
1458,*/vly/,/vəly/,1,0.25,0.5192307692307693,3,4
1459,*/vly/,/vəly/,1,0.25,0.5192307692307693,3,4
1460,*/vɑ̃d̪ɑ̃ʒ/,/vɑ̃d̪ɑ̃ʒ/,0,0.0,0.0,5,5
1461,*/vɑ̃d̪waz/,/vɑ̃d̪waz/,0,0.0,0.0,6,6
1462,*/vɑ̃ʒ/,/vɑ̃ʒ/,0,0.0,0.0,3,3
1463,*/vɑ̃ʒe/,/vɑ̃ʒe/,0,0.0,0.0,4,4
1464,*/viɲ/,/viɲ/,0,0.0,0.0,3,3
1465,*/vɛ̃/,/vɛ̃/,0,0.0,0.0,2,2
1466,*/viʁe/,/viʁe/,0,0.0,0.0,4,4
1467,*/vɛʁʒ/,/vɛʁʒ/,0,0.0,0.0,4,4
1468,*/vɛʁ/,/vɛʁ/,0,0.0,0.0,3,3
1469,*/vɛʁt̪y/,/vɛʁt̪y/,0,0.0,0.0,5,5
1470,*/vi/,/vi/,0,0.0,0.0,2,2
1471,*/vo/,/vo/,0,0.0,0.0,2,2
1472,*/vwaʁ/,/vɛʁ/,2,0.6666666666666666,0.6730769230769231,4,3
1473,*/viv/,/viv/,0,0.0,0.0,3,3
1474,*/vivɑ̃d̪/,/vjɑ̃d̪/,2,0.5,0.8461538461538461,5,4
1475,*/vivʁ/,/vivʁ/,0,0.0,0.0,4,4
1476,*/vif/,/vif/,0,0.0,0.0,3,3
1477,*/vɔlaʒ/,/vɔlaʒ/,0,0.0,0.0,5,5
1478,*/vulwaʁ/,/vulwaʁ/,0,0.0,0.0,6,6
1479,*/vulɔ̃t̪e/,/volɔ̃t̪e/,1,0.16666666666666666,0.038461538461538464,6,6
1480,*/vu/,/vœj/,2,0.6666666666666666,0.6923076923076923,2,3
1481,*/vulɑ̃t̪ɛʁ/,/vɔlɔ̃tje/,5,0.7142857142857143,0.7115384615384616,7,7
1482,*/vut̪/,/vut̪/,0,0.0,0.0,3,3
1483,*/vid̪e/,/vid̪e/,0,0.0,0.0,4,4
1484,*/vu/,/vu/,0,0.0,0.0,2,2
1485,*/vɔt̪ʁ/,/vɔt̪ʁ/,0,0.0,0.0,4,4
1486,*/vɔt̪ʁ/,/vɔt̪ʁ/,0,0.0,0.0,4,4
1487,*/vwe/,/vwe/,0,0.0,0.0,3,3
1488,*/vø/,/vø/,0,0.0,0.0,2,2